Row Labels,Sum of Semi-durable goods: Total CP NSA £m,Sum of Services :Total CVM NAYear SA £m,Sum of Services: Total CVM NAYear NSA £m,Sum of Services: Total CP SA £m,Sum of Services: Total CP NSA £m,Sum of Non-durable goods :Total CVM NAYear SA £m,Sum of Non-durable goods: Total CVM NAYear NSA £m,Sum of Non-durable goods: Total CP SA £m,Sum of Semi-durable goods :Total CVM NAYear SA £m,Sum of Semi-durable goods: Total CVM NAYear NSA £m,Sum of Semi-durable goods: Total CP SA £m,Sum of Durable goods: Total IDEF NSA 2019=100,Sum of Services: Total IDEF SA 2019=100,Sum of Services: Total IDEF NSA 2019=100,Sum of Non-durable goods: Total IDEF SA 2019=100,Sum of Non-durable goods: Total IDEF NSA 2019=100,Sum of Total goods: Total IDEF SA 2019=100,Sum of Total goods: Total IDEF NSA 2019=100,Sum of Durable goods: Total IDEF SA 2019=100,Sum of Semi-durable goods: Total IDEF SA 2019=100,Sum of Semi-durable goods: Total IDEF NSA 2019=100,Sum of Total goods: 03 Clothing and footwear CP NSA £m,Sum of Total goods: 07 Transport CP NSA £m,Sum of Total goods: 06 Health CP NSA £m,Sum of Total goods: 05 Furnishings; household equipment etc CP NSA £m,Sum of Total goods: 04 Housing; water; electricity; gas and other fuels CP NSA £m,Sum of Total goods: 12 Miscellaneous goods and services CP NSA £m,Sum of Total goods: 09 Recreation and culture CP NSA £m,Sum of Total goods: 08 Communication CP NSA £m,Sum of Total goods: 06 Health CVM NAYear SA £m,Sum of Total goods: 05 Furnishings; household equipment etc CVM NAYear SA £m,Sum of Total goods: 04 Housing; water; electricity; gas and other fuels CVM NAYear SA £m,Sum of Total goods: 03 Clothing and footwear CVM NAYear SA £m,Sum of Total goods: 12 Miscellaneous goods and services CVM NAYear SA £m,Sum of Total goods: 09 Recreation and culture CVM NAYear SA £m,Sum of Total goods: 08 Communication CVM NAYear SA £m,Sum of Total goods: 07 Transport CVM NAYear SA £m,Sum of Total goods: 05 Furnishings; household equipment etc CP SA £m,Sum of Total goods: 04 Housing; water; electricity; gas and other fuels CP SA £m,Sum of Total goods: 03 Clothing and footwear CP SA £m,Sum of Total goods: 06 Health CP SA £m,Sum of Total goods: 08 Communication CP SA £m,Sum of Total goods: 07 Transport CP SA £m,Sum of Total goods: 12 Miscellaneous goods and services CP SA £m,Sum of Total goods: 09 Recreation and culture CP SA £m,Sum of Total goods: 08 Communication CVM NAYear NSA £m,Sum of Total goods: 07 Transport CVM NAYear NSA £m,Sum of Total goods: 06 Health CVM NAYear NSA £m,Sum of Total goods: 05 Furnishings; household equipment etc CVM NAYear NSA £m,Sum of Total goods: 12 Miscellaneous goods and services CVM NAYear NSA £m,Sum of Total goods: 09 Recreation and culture CVM NAYear NSA £m,Sum of Total goods: 04 Housing; water; electricity; gas and other fuels CVM NAYear NSA £m,Sum of Total goods: 03 Clothing and footwear CVM NAYear NSA £m,Sum of Total goods: 04 Housing;water; electricity; gas and other fuels IDEF SA 2019=100,Sum of Total goods: 03 Clothing and footwear IDEF SA 2019=100,Sum of Total goods: 07 Transport IDEF SA 2019=100,Sum of Total goods: 06 Health IDEF SA 2019=100,Sum of Total goods: 05 Furnishings; household equipment etc IDEF SA 2019=100,Sum of Total goods: 12 Miscellaneous goods and services IDEF SA 2019=100,Sum of Total goods: 09 Recreation and culture IDEF SA 2019=100,Sum of Total goods: 08 Communication IDEF SA 2019=100,Sum of Total goods: 06 Health IDEF NSA 2019=100,Sum of Total goods: 05 Furnishings; household equipment etc IDEF NSA 2019=100,Sum of Total goods:04 Housing;water;electricity; gas and other fuels IDEF NSA 2019=100,Sum of Total goods: 03 Clothing and footwear IDEF NSA 2019=100,Sum of Total goods: 12 Miscellaneous goods and services IDEF NSA 2019=100,Sum of Total goods: 09 Recreation and culture IDEF NSA 2019=100,Sum of Total goods: 08 Communication IDEF NSA 2019=100,Sum of Total goods: 07 Transport IDEF NSA 2019=100,Sum of Durable goods: Total CP NSA £m,Sum of Non-durable goods: Total CP NSA £m,Sum of Total goods :Total CVM NAYear SA £m,Sum of Total goods: Total CVM NAYear NSA £m,Sum of Total goods: Total CP SA £m,Sum of Total goods: Total CP NSA £m,Sum of Durable goods :Total CVM NAYear SA £m,Sum of Durable goods: Total CVM NAYear NSA £m,Sum of Durable goods: Total CP SA £m
1997,55127,501359,501359,344205,344205,252190,252190,143678,51190,51190,55127,118.1,68.7,68.7,57,57,79,79,118.1,107.7,107.7,28523,50108,3760,30059,18073,11959,36818,1286,4224,34462,48046,26361,15016,22413,1300,74285,30059,18073,28523,3760,1286,50108,11959,36818,1300,74285,4224,34462,15016,22413,48046,26361,37.6,108.2,67.5,89,87.2,79.6,164.3,98.9,89,87.2,37.6,108.2,79.6,164.3,98.9,67.5,65693,143678,334786,334786,264498,264498,55609,55609,65693
1998,60337,514908,514908,363133,363133,256077,256077,147941,56076,56076,60337,114.5,70.5,70.5,57.8,57.8,78.9,78.9,114.5,107.6,107.6,30340,52751,3877,32540,17664,12936,39382,2002,4179,37342,48084,27987,15663,25315,2058,77188,32540,17664,30340,3877,2002,52751,12936,39382,2058,77188,4179,37342,15663,25315,48084,27987,36.7,108.4,68.3,92.8,87.1,82.6,155.6,97.3,92.8,87.1,36.7,108.4,82.6,155.6,97.3,68.3,69882,147941,352331,352331,278160,278160,61015,61015,69882
1999,63848,531104,531104,379272,379272,258724,258724,152940,60333,60333,63848,109.9,71.4,71.4,59.1,59.1,78.7,78.7,109.9,105.8,105.8,31515,55933,4025,33566,17188,13977,43614,2316,4273,38845,46630,29465,16630,29860,2467,80190,33566,17188,31515,4025,2316,55933,13977,43614,2467,80190,4273,38845,16630,29860,46630,29465,36.9,107,69.8,94.2,86.4,84,146.1,93.9,94.2,86.4,36.9,107,84,146.1,93.9,69.8,74526,152940,369962,369962,291314,291314,67833,67833,74526
2000,67264,553178,553178,399219,399219,261583,261583,157571,65742,65742,67264,105.1,72.2,72.2,60.2,60.2,78,78,105.1,102.3,102.3,33571,58203,4287,35142,18040,14389,46183,2875,4495,41799,49164,32465,17462,32976,3209,82361,35142,18040,33571,4287,2875,58203,14389,46183,3209,82361,4495,41799,17462,32976,49164,32465,36.7,103.4,70.7,95.4,84.1,82.4,140.1,89.6,95.4,84.1,36.7,103.4,82.4,140.1,89.6,70.7,77489,157571,387648,387648,302324,302324,73761,73761,77489
2001,70262,561886,561886,410818,410818,263871,263871,161250,70187,70187,70262,101.9,73.1,73.1,61.1,61.1,77.5,77.5,101.9,100.1,100.1,35140,62136,4652,38014,17963,15272,48624,3059,4699,45501,48447,35237,18447,35694,3675,90540,38014,17963,35140,4652,3059,62136,15272,48624,3675,90540,4699,45501,18447,35694,48447,35237,37.1,99.7,68.6,99,83.5,82.8,136.2,83.2,99,83.5,37.1,99.7,82.8,136.2,83.2,68.6,85168,161250,408463,408463,316680,316680,83573,83573,85168
2002,74587,574053,574053,425582,425582,269258,269258,164199,76369,76369,74587,100.9,74.1,74.1,61,61,76.8,76.8,100.9,97.7,97.7,38039,61762,5214,39287,18302,16278,50632,2909,5200,47177,48323,39406,19891,38258,3469,90668,39287,18302,38039,5214,2909,61762,16278,50632,3469,90668,5200,47177,19891,38258,48323,39406,37.9,96.5,68.1,100.3,83.3,81.8,132.3,83.9,100.3,83.3,37.9,96.5,81.8,132.3,83.9,68.1,86491,164199,423473,423473,325277,325277,85688,85688,86491
2003,78578,590963,590963,444424,444424,276522,276522,171077,81309,81309,78578,100,75.2,75.2,61.9,61.9,77,77,100,96.6,96.6,40454,64897,5507,40032,18578,17454,52800,3107,5341,48605,47814,41779,21303,41546,3683,92813,40032,18578,40454,5507,3107,64897,17454,52800,3683,92813,5341,48605,21303,41546,47814,41779,38.9,96.8,69.9,103.1,82.4,81.9,127.1,84.4,103.1,82.4,38.9,96.8,81.9,127.1,84.4,69.9,90311,171077,441587,441587,339966,339966,90305,90305,90311
2004,79604,606732,606732,470325,470325,283919,283919,178677,83557,83557,79604,99.1,77.5,77.5,62.9,62.9,77.2,77.2,99.1,95.3,95.3,41343,66151,5184,40247,21743,19053,55392,3981,5052,49231,52631,42969,23492,45352,4772,91620,40247,21743,41343,5184,3981,66151,19053,55392,4772,91620,5052,49231,23492,45352,52631,42969,41.3,96.2,72.2,102.6,81.8,81.1,122.1,83.4,102.6,81.8,41.3,96.2,81.1,122.1,83.4,72.2,93230,178677,455230,455230,351511,351511,94059,94059,93230
2005,80369,629502,629502,500442,500442,284446,284446,184928,85746,85746,80369,96.6,79.5,79.5,65,65,77.7,77.7,96.6,93.7,93.7,42631,69070,4320,40962,23405,18890,55734,4226,4229,50579,50286,44753,23423,47938,5204,92761,40962,23405,42631,4320,4226,69070,18890,55734,5204,92761,4229,50579,23423,47938,50286,44753,46.5,95.3,74.5,102.2,81,80.6,116.3,81.2,102.2,81,46.5,95.3,80.6,116.3,81.2,74.5,94950,184928,463771,463771,360247,360247,98274,98274,94950
2006,83788,630303,630303,518587,518587,283040,283040,194827,89882,89882,83788,94.6,82.3,82.3,68.8,68.8,79.4,79.4,94.6,93.2,93.2,44390,70426,4065,42620,27852,20085,57190,4247,4370,52778,49117,46584,24239,51117,5243,92499,42620,27852,44390,4065,4247,70426,20085,57190,5243,92499,4370,52778,24239,51117,49117,46584,56.7,95.3,76.1,93,80.8,82.9,111.9,81,93,80.8,56.7,95.3,82.9,111.9,81,76.1,97128,194827,473012,473012,375743,375743,102637,102637,97128
2007,87585,653187,653187,546591,546591,287792,287792,204483,93718,93718,87585,92.9,83.7,83.7,71.1,71.1,80.4,80.4,92.9,93.5,93.5,45514,73752,6689,44993,28737,21381,59066,4142,6963,55012,47345,47611,25050,54741,5313,95791,44993,28737,45514,6689,4142,73752,21381,59066,5313,95791,6963,55012,25050,54741,47345,47611,60.7,95.6,77,96.1,81.8,85.4,107.9,78,96.1,81.8,60.7,95.6,85.4,107.9,78,77,99174,204483,486531,486531,391242,391242,106749,106749,99174
2008,88463,651027,651027,562753,562753,282368,282368,218061,95993,95993,88463,90.6,86.4,86.4,77.2,77.2,83.2,83.2,90.6,92.2,92.2,47289,76065,6507,42727,33144,21243,59112,3922,6716,51250,46938,50731,24144,56940,5165,93979,42727,33144,47289,6507,3922,76065,21243,59112,5165,93979,6716,51250,24144,56940,46938,50731,70.6,93.2,80.9,96.9,83.4,88,103.8,75.9,96.9,83.4,70.6,93.2,88,103.8,75.9,80.9,95938,218061,483457,483457,402462,402462,105948,105948,95938
2009,87550,634609,634609,545021,545021,271701,271701,218211,96776,96776,87550,91.3,85.9,85.9,80.3,80.3,84.9,84.9,91.3,90.5,90.5,47797,71744,5859,40984,33317,21215,57254,3833,6185,47480,44404,53290,23287,55887,4998,90186,40984,33317,47797,5859,3833,71744,21215,57254,4998,90186,6185,47480,23287,55887,44404,53290,75,89.7,79.6,94.7,86.3,91.1,102.4,76.7,94.7,86.3,75,89.7,91.1,102.4,76.7,79.6,93512,218211,470531,470531,399273,399273,102367,102367,93512
2010,90749,654882,654882,560377,560377,272293,272293,227125,98967,98967,90749,93.9,85.6,85.6,83.4,83.4,87.4,87.4,93.9,91.7,91.7,48994,74576,6854,42916,34625,23345,59864,3796,7145,48427,47109,53507,24870,58671,4716,84377,42916,34625,48994,6854,3796,74576,23345,59864,4716,84377,7145,48427,24870,58671,47109,53507,73.5,91.6,88.4,95.9,88.6,93.9,102,80.5,95.9,88.6,73.5,91.6,93.9,102,80.5,88.4,95213,227125,472408,472408,413087,413087,101419,101419,95213
2011,92625,659500,659500,582041,582041,267300,267300,240597,98407,98407,92625,95.3,88.3,88.3,90,90,92,92,95.3,94.1,94.1,51423,77785,7034,43383,34140,23326,58845,4423,7426,46816,42518,54188,24065,58993,5282,81774,43383,34140,51423,7034,4423,77785,23326,58845,5282,81774,7426,46816,24065,58993,42518,54188,80.3,94.9,95.1,94.7,92.7,96.9,99.7,83.7,94.7,92.7,80.3,94.9,96.9,99.7,83.7,95.1,95662,240597,465966,465966,428884,428884,100403,100403,95662
2012,95243,675237,675237,607339,607339,267722,267722,248546,100115,100115,95243,94.4,89.9,89.9,92.8,92.8,93.7,93.7,94.4,95.1,95.1,53052,79188,8347,44315,38215,25092,56302,5294,8604,46526,44429,55286,25198,57355,6103,83700,44315,38215,53052,8347,5294,79188,25092,56302,6103,83700,8604,46526,25198,57355,44429,55286,86,96,94.6,97,95.2,99.6,98.2,86.7,97,95.2,86,96,99.6,98.2,86.7,94.6,96777,248546,470288,470288,440566,440566,102491,102491,96777
2013,102232,693480,693480,638205,638205,268839,268839,256959,106156,106156,102232,93.4,92,92,95.6,95.6,95.2,95.2,93.4,96.3,96.3,57329,84482,10653,44913,40245,26310,58339,5400,11013,46977,43975,59001,26227,59357,6064,90092,44913,40245,57329,10653,5400,84482,26310,58339,6064,90092,11013,46977,26227,59357,43975,59001,91.5,97.2,93.8,96.7,95.6,100.3,98.3,89.1,96.7,95.6,91.5,97.2,100.3,98.3,89.1,93.8,103772,256959,486169,486169,462963,462963,111062,111062,103772
2014,102762,723677,723677,678300,678300,266122,266122,255840,106510,106510,102762,93.7,93.7,93.7,96.1,96.1,95.6,95.6,93.7,96.5,96.5,58110,88981,11083,47038,36873,28695,59119,4025,11322,48993,38958,59824,28803,59993,4473,95743,47038,36873,58110,11083,4025,88981,28695,59119,4473,95743,11322,48993,28803,59993,38958,59824,94.6,97.1,92.9,97.9,96,99.6,98.5,90,97.9,96,94.6,97.1,99.6,98.5,90,92.9,111339,255840,491455,491455,469941,469941,118864,118864,111339
2015,108914,738419,738419,701284,701284,269712,269712,251232,113127,113127,108914,92.6,95,95,93.1,93.1,93.7,93.7,92.6,96.3,96.3,61191,87508,11014,51028,37204,31805,61463,4382,11132,53202,40684,63075,32106,63808,4809,98948,51028,37204,61191,11014,4382,87508,31805,61463,4809,98948,11132,53202,32106,63808,40684,63075,91.4,97,88.4,98.9,95.9,99.1,96.3,91.1,98.9,95.9,91.4,97,99.1,96.3,91.1,88.4,118227,251232,510307,510307,478373,478373,127609,127609,118227
2016,113890,764297,764297,739011,739011,281637,281637,258696,118174,118174,113890,93.1,96.7,96.7,91.9,91.9,93.2,93.2,93.1,96.4,96.4,63753,92212,11063,51846,37739,33329,62736,7401,11116,54553,42588,65438,33988,65663,7894,104075,51846,37739,63753,11063,7401,92212,33329,62736,7894,104075,11116,54553,33988,65663,42588,65438,88.6,97.4,88.6,99.5,95,98.1,95.5,93.8,99.5,95,88.6,97.4,98.1,95.5,93.8,88.6,125489,258696,534455,534455,498075,498075,134808,134808,125489
2017,121261,781989,781989,761179,761179,287846,287846,273415,123823,123823,121261,95.5,97.3,97.3,95,95,95.8,95.8,95.5,97.9,97.9,64817,93096,11609,56828,37003,34578,70538,6543,11972,58284,40365,65230,35085,72248,6863,101122,56828,37003,64817,11609,6543,93096,34578,70538,6863,101122,11972,58284,35085,72248,40365,65230,91.7,99.4,92.1,97,97.5,98.6,97.6,95.3,97,97.5,91.7,99.4,98.6,97.6,95.3,92.1,127336,273415,544975,544975,522012,522012,133366,133366,127336
2018,123877,796535,796535,786876,786876,294453,294453,288612,124324,124324,123877,97.4,98.8,98.8,98,98,98.2,98.2,97.4,99.6,99.6,66416,96884,12332,59559,39769,36484,71694,6556,12547,60105,40947,66050,37009,72315,6807,100564,59559,39769,66416,12332,6556,96884,36484,71694,6807,100564,12547,60105,37009,72315,40947,66050,97.1,100.6,96.3,98.3,99.1,98.6,99.1,96.3,98.3,99.1,97.1,100.6,98.6,99.1,96.3,96.3,130613,288612,552788,552788,543102,543102,134117,134117,130613
2019,131728,804549,804549,804549,804549,292591,292591,292591,131728,131728,131728,100,100,100,100,100,100,100,100,100,100,68979,100036,13027,61207,38718,37883,75317,6369,13027,61207,38718,68979,37883,75317,6369,100036,61207,38718,68979,13027,6369,100036,37883,75317,6369,100036,13027,61207,37883,75317,38718,68979,100,100,100,100,100,100,100,100,100,100,100,100,100,100,100,100,134513,292591,558832,558832,558832,558832,134513,134513,134513
2020,112714,668920,668920,672687,672687,296483,296483,296407,113052,113052,112714,102.4,100.6,100.6,100,100,100.5,100.5,102.4,99.7,99.7,55045,80196,12455,64144,38550,32599,73430,6398,12206,64220,39927,55630,32122,72645,6173,79535,64144,38550,55045,12455,6398,80196,32599,73430,6173,79535,12206,64220,32122,72645,39927,55630,96.6,98.9,100.8,102,99.9,101.5,101.1,103.6,102,99.9,96.6,98.9,101.5,101.1,103.6,100.8,126615,296407,533192,533192,535736,535736,123657,123657,126615
2021,127351,722544,722544,745634,745634,300840,300840,309685,125840,125840,127351,107.8,103.2,103.2,102.9,102.9,103.7,103.7,107.8,101.2,101.2,64119,93412,12658,69153,41102,35700,77096,6467,12411,66567,40781,64340,34770,73971,6147,85188,69153,41102,64119,12658,6467,93412,35700,77096,6147,85188,12411,66567,34770,73971,40781,64340,100.8,99.7,109.7,102,103.9,102.7,104.2,105.2,102,103.9,100.8,99.7,102.7,104.2,105.2,109.7,137861,309685,554512,554512,574897,574897,127832,127832,137861
1997 Q1,11955,123575,119463,83837,80818,63152,63543,35821,12311,11117,13394,121.6,67.9,67.6,56.7,56.6,78.9,79.3,117.6,108.8,107.6,5875,11847,944,7406,5755,2599,8962,244,1095,8765,12150,6301,3638,5532,245,17379,7626,4628,6950,960,245,11404,2875,9250,245,17908,1078,8546,3298,5248,15122,5436,38.1,110.3,65.6,87.7,87,79,167.2,100,87.6,86.7,38.1,108,78.8,170.8,99.6,66.2,15889,35934,82080,80434,64787,63778,13236,13068,15572
1997 Q2,12994,125330,125668,86003,86220,63009,62451,35560,12777,11983,13819,118.5,68.6,68.6,56.4,56.7,78.9,79,119.2,108.1,108.4,6657,11943,922,7098,3783,2809,9167,301,1068,8555,11460,6528,3734,5655,330,18049,7472,4348,7093,950,326,12048,2969,9352,306,17947,1034,8119,3536,5552,9952,6091,37.9,108.7,66.7,88.9,87.3,79.5,165.4,98.8,89.2,87.4,38,109.3,79.4,165.1,98.4,66.5,15225,35428,82828,80582,65302,63647,13356,12849,15923
1997 Q3,13019,125788,129214,86827,89426,62311,59128,35735,12832,12259,13768,115.7,69,69.2,57.4,57.4,79.3,78.6,118.8,107.3,106.2,6764,15293,918,7015,3336,2853,8409,333,1039,8411,12268,6614,3791,5569,360,19972,7340,4600,7110,934,357,13776,3021,9094,336,22501,1024,8101,3585,5179,8896,6406,37.5,107.5,69,89.9,87.3,79.7,163.3,99.1,89.6,86.6,37.5,105.6,79.6,162.3,99.1,68,18476,33923,84523,83166,67052,65418,14772,15967,17549
1997 Q4,17159,126666,127014,87538,87741,63718,67068,36562,13270,15831,14146,117.3,69.1,69.1,57.4,57.2,78.9,79.1,116.9,106.6,108.4,9227,11025,976,8540,5199,3698,10280,408,1022,8731,12168,6918,3853,5657,365,18885,7621,4497,7370,916,358,12880,3094,9122,413,15929,1088,9696,4597,6434,14076,8428,37,106.5,68.2,89.6,87.3,80.3,161.2,98.1,89.7,88.1,36.9,109.5,80.5,159.8,98.8,69.2,16103,38393,85355,90604,67357,71655,14245,13725,16649
1998 Q1,12958,127181,123015,89051,85815,63777,64021,36723,13565,12305,14481,116.8,70,69.7,57.6,57.4,79,78.7,116.6,106.8,105.3,6247,13716,933,7519,5337,2827,9110,494,1039,8963,11663,6927,3846,5857,504,19324,7814,4277,7372,949,496,13133,3127,9423,504,20142,1022,8691,3478,5662,14578,6017,36.6,106.4,68,91.3,87.2,81.3,160.9,98.4,91.3,86.5,36.6,103.8,81.3,160.9,98,68.1,17293,36721,86154,85113,68096,66972,14486,14807,16892
1998 Q2,14189,128461,128914,90237,90612,64082,63595,36940,14056,13208,15080,116,70.3,70.3,57.7,57.9,79,79.3,115.5,107.3,107.4,7119,12258,935,7742,3946,3047,9525,440,1040,9354,12168,7023,3909,6202,483,18129,8141,4480,7574,964,477,12423,3216,9762,447,17771,1006,8870,3708,6021,10662,6585,36.8,107.8,68.5,92.7,87,82.3,157.4,98.8,92.9,87.3,37,108.1,82.2,158.2,98.4,69,15923,36834,87042,84394,68757,66946,14489,13723,16737
1998 Q3,14624,129277,132817,91310,94187,64284,61149,37180,14328,13715,15466,113.8,70.6,70.9,57.8,57.9,79.1,78.7,114.8,107.9,106.7,7383,15346,968,7989,3335,3102,9209,463,1057,9541,12369,7103,3943,6476,516,20135,8316,4537,7747,987,499,13941,3281,9955,478,22540,1038,9227,3736,5957,9073,6922,36.7,109.1,69.2,93.4,87.2,83.2,153.7,96.7,93.3,86.6,36.8,106.7,83,154.6,96.9,68.1,19191,35414,89833,87958,71032,69229,16018,16868,18386
1998 Q4,18566,129989,130162,92535,92519,63934,67312,37098,14127,16848,15310,111.9,71.2,71.1,58,57.9,78.7,79.1,111.5,108.4,110.2,9591,11431,1041,9290,5046,3960,11538,605,1043,9484,11884,6934,3965,6780,555,19600,8269,4370,7647,977,530,13254,3312,10242,629,16735,1113,10554,4741,7675,13771,8463,36.8,110.3,67.6,93.7,87.2,83.5,151.1,95.5,93.5,88,36.6,113.3,83.5,150.3,96.2,68.3,17475,38972,89302,94866,70275,75013,16022,15617,17867
1999 Q1,14106,130488,126330,93954,90694,64001,64171,37656,14572,13240,15686,110.8,72,71.8,58.8,58.6,79,78.7,110.8,107.6,106.5,6653,13876,956,7991,5347,3098,10273,542,1032,9518,11745,7177,4068,7079,566,19799,8284,4312,7831,971,545,13437,3418,10610,567,20423,1019,9231,3685,6844,14556,6226,36.7,109.1,67.9,94.1,87,84,149.9,96.3,93.8,86.6,36.7,106.9,84.1,150.1,95.6,67.9,18428,37617,90535,89097,71537,70151,16427,16623,18195
1999 Q2,15019,132274,132492,94468,94625,65156,64560,38394,15019,14061,15973,111.8,71.4,71.4,58.9,59.2,79,79.4,111.3,106.3,106.8,7348,14193,980,7902,3715,3302,10531,531,1073,9584,11602,7275,4131,7312,603,20107,8285,4264,7816,1008,573,14062,3478,10838,561,20170,1042,9118,3927,7053,10074,6788,36.7,107.4,69.9,93.9,86.5,84.2,148.2,95,94,86.7,36.9,108.2,84.1,149.3,94.6,70.4,18148,38236,92504,89954,73053,71403,16785,16233,18686
1999 Q3,15147,133431,137379,94495,97650,65519,62574,38750,15197,14500,16029,108.7,70.8,71.1,59.2,59.2,78.6,78.3,109.5,105.5,104.5,7515,15329,997,8115,3151,3354,10338,558,1080,9766,11533,7395,4217,7738,644,19944,8411,4256,7889,1015,602,14118,3552,11145,595,21980,1060,9491,3987,7152,8547,7176,36.9,106.7,70.8,94,86.1,84.2,144,93.5,94.1,85.5,36.9,104.7,84.1,144.5,93.8,69.7,19369,37029,93525,91384,73546,71545,17143,17814,18767
1999 Q4,19576,134911,134903,96355,96303,64048,67419,38140,15545,18532,16160,108.3,71.5,71.4,59.6,59.4,78.4,78.6,108,104,105.6,9999,12535,1092,9558,4975,4223,12472,685,1088,9977,11750,7618,4214,7731,654,20340,8586,4356,7979,1031,596,14316,3529,11021,744,17617,1152,11005,5031,8811,13453,9275,37.1,104.8,70.4,94.8,86.1,83.8,142.6,91.1,94.8,86.8,37,107.8,83.9,141.6,92.1,71.2,18581,40058,93398,99527,73178,78215,17478,17163,18878
2000 Q1,14825,136153,131785,98490,95049,65175,65241,38973,16046,14570,16505,106.2,72.3,72.1,59.8,59.7,78.1,77.8,106.9,102.9,101.7,6866,14704,998,8384,5661,3201,11067,741,1072,10216,12211,7801,4288,8065,809,19898,8647,4539,8080,1015,746,14053,3534,11488,809,21005,1053,9977,3885,7780,15225,6769,37.2,103.6,70.7,94.7,84.6,82.4,142.4,92.2,94.8,84.1,37.2,101.4,82.4,142.2,91.6,70,19459,38935,95266,94136,74436,73219,17740,18325,18958
2000 Q2,15713,137565,137769,99231,99357,65366,64737,39182,16277,15214,16749,107.2,72.1,72.1,59.9,60.2,78.1,78.6,105.9,102.9,103.3,7809,14793,1012,8311,3904,3350,11066,628,1101,10384,12412,7991,4295,8089,748,20769,8751,4512,8322,1041,677,14748,3528,11398,696,20501,1068,9823,4082,7776,10751,7453,36.3,104.1,71,94.5,84.3,82.2,140.9,90.5,94.7,84.6,36.3,104.8,82.1,142.3,90.2,72.2,18558,38978,96330,93208,75195,73249,18187,17311,19264
2000 Q3,15869,139590,143766,100733,104266,65425,62280,39608,16555,15806,16829,104.9,72.2,72.6,60.5,60.5,78.2,77.8,105.4,101.6,100.4,8060,15518,1067,8473,3251,3387,10735,656,1138,10566,12221,8259,4370,8318,798,20151,8842,4468,8478,1089,709,14490,3601,11571,736,21812,1117,10180,4122,7705,8955,8026,36.6,102.7,71.9,95.7,83.7,82.4,139.1,88.9,95.5,83.2,36.3,100.4,82.2,139.3,89.2,71.1,19678,37709,96959,94162,75777,73256,18346,18764,19340
2000 Q4,20857,139870,139858,100765,100547,65617,69325,39808,16864,20152,17181,102.2,72.1,71.9,60.7,60.5,77.6,77.8,102.3,101.9,103.5,10836,13188,1210,9974,5224,4451,13315,850,1184,10633,12320,8414,4509,8504,854,21543,8902,4521,8691,1142,743,14912,3726,11726,968,19043,1257,11819,5373,9715,14233,10217,36.7,103.3,69.2,96.5,83.7,82.6,137.9,87,96.3,84.4,36.7,106.1,82.8,137.1,87.8,69.3,19794,41949,99093,106142,76916,82600,19488,19361,19927
2001 Q1,15305,139067,134262,102554,98443,65752,65804,39838,16927,15259,17134,101.7,73.8,73.3,60.6,60.4,77.4,77.1,102.1,101.2,100.3,7275,16064,1145,8907,5669,3332,11303,701,1199,11082,12344,8379,4472,8631,847,22333,9241,4506,8541,1171,707,15379,3686,11832,845,23461,1172,10755,4040,8251,15443,7254,36.5,102,68.9,97.7,83.4,82.4,137.1,83.5,97.7,82.8,36.7,100.3,82.5,137,82.9,68.5,21262,39785,100432,99010,77753,76352,20360,20905,20781
2001 Q2,16397,139330,139812,102138,102540,65114,64508,39984,17339,16210,17475,102.5,73.3,73.4,61.4,61.7,77.7,78.2,101.4,100.8,101.1,8112,15676,1108,8987,3905,3630,11683,695,1152,11319,12111,8581,4597,8789,913,22812,9443,4507,8635,1144,751,15594,3821,12014,849,22631,1116,10725,4372,8489,10460,8001,37.2,100.6,68.3,99.3,83.4,83.1,136.7,82.2,99.3,83.8,37.3,101.4,83,137.6,81.9,69.2,20412,39777,101110,97923,78599,76586,20838,19923,21140
2001 Q3,16763,141655,145964,103812,107690,66099,62922,40632,17761,16985,17721,101.9,73.3,73.8,61.4,61.4,77.8,77.4,102.3,99.8,98.7,8450,16489,1127,9276,3327,3638,11457,702,1170,11516,12203,8950,4668,9025,907,22504,9641,4562,8868,1159,758,15564,3868,12321,840,23908,1137,11162,4404,8390,8964,8682,37.4,99.1,69.2,99,83.7,82.9,136.5,83.6,99.1,83.1,37.1,97.3,82.6,136.6,83.6,69,21668,38617,102622,99512,79822,77048,20989,21267,21469
2001 Q4,21797,141834,141848,102314,102145,66906,70637,40796,18160,21733,17932,101.6,72.1,72,61,61,77.2,77.4,101.8,98.7,100.3,11303,13907,1272,10844,5062,4672,14181,961,1178,11584,11789,9327,4710,9249,1008,22891,9689,4388,9096,1178,843,15599,3897,12457,1141,20540,1274,12859,5631,10564,13580,11300,37.2,97.5,68.1,100,83.7,82.7,134.7,83.6,99.8,84.3,37.3,100,83,134.2,84.2,67.7,21826,43071,104299,112018,80506,86694,21386,21478,21778
2002 Q1,16390,142576,137453,104631,100456,66128,66054,40503,18678,16770,18386,101.3,73.4,73.1,61.3,61.1,77.2,77,101.5,98.4,97.8,7991,15957,1191,9516,5588,3733,12081,731,1228,11692,11893,9635,4998,9438,871,22819,9821,4463,9341,1226,735,15449,4118,12706,870,23669,1191,11383,4524,8981,14789,8365,37.5,96.9,67.7,99.8,84,82.4,134.6,84.4,100,83.6,37.8,95.5,82.5,134.5,84,67.4,22132,40389,104510,102436,80718,78911,21508,21858,21829
2002 Q2,17550,142795,143637,105454,105938,66850,66251,40673,19114,17940,18688,101.8,73.8,73.8,60.8,61.1,76.8,77.1,101.2,97.8,97.8,8888,15594,1257,9250,3966,3914,12418,697,1288,11674,12139,9767,5004,9568,893,22464,9719,4592,9429,1293,748,15323,4101,12667,835,22693,1252,11069,4775,9342,10474,9176,37.9,96.5,68.2,100.4,83.3,81.9,132.4,83.8,100.4,83.6,37.9,96.9,82,132.9,83.5,68.7,20835,40461,105103,102271,80708,78846,21097,20457,21347
2002 Q3,17707,143931,148660,106846,111029,67810,64490,41232,19274,18463,18704,100.6,74.2,74.7,60.8,60.6,76.6,76.2,100.8,97.1,95.9,9142,16510,1303,9402,3402,3795,11595,674,1333,11863,12148,9995,4960,9485,863,22934,9862,4619,9571,1332,720,15597,4037,12495,806,24277,1304,11392,4680,8795,9040,9733,38,95.8,68,99.9,83.1,81.4,131.7,83.4,99.9,82.5,37.6,93.9,81.1,131.9,83.6,68,21687,39089,106415,103004,81465,78483,21362,21561,21529
2002 Q4,22940,144751,144303,108651,108159,68470,72463,41791,19303,23196,18809,100.1,75.1,74.9,61,61.1,76.7,76.9,100.3,97.4,98.9,12018,13701,1463,11119,5346,4836,14538,807,1351,11948,12143,10009,4929,9767,842,22451,9885,4628,9698,1363,706,15393,4022,12764,958,20029,1453,13333,5912,11140,14020,12132,38.1,96.9,68.6,100.9,82.7,81.6,130.7,83.8,100.7,83.4,38.1,99.1,81.8,130.5,84.3,68.4,21837,44260,107445,115762,82386,89037,21721,21812,21786
2003 Q1,17062,145972,140545,108961,104453,68606,68340,42277,19754,17662,19227,100.1,74.7,74.3,61.6,61.6,77.1,76.8,100.7,97.3,96.6,8528,17054,1342,9420,5796,3750,12021,811,1355,11912,12068,10222,5075,9823,964,23131,9852,4640,9933,1381,818,16282,4158,12715,960,24527,1317,11456,4570,9266,15038,8880,38.5,97.2,70.4,101.9,82.7,81.9,129.5,84.9,101.9,82.2,38.5,96,82.1,129.7,84.5,69.6,22581,42080,108404,106348,83581,81723,21930,22550,22077
2003 Q2,18365,147101,148153,109793,110319,69389,68829,42771,20216,18966,19568,100.6,74.6,74.5,61.7,61.8,76.8,77.1,99.8,96.8,96.8,9566,16239,1360,9647,3885,4044,12810,731,1349,12185,11768,10436,5208,10253,932,23408,10019,4536,10118,1392,785,16221,4266,13104,870,23169,1318,11689,4936,9981,10060,9852,38.5,96.9,69.3,103.2,82.2,81.9,127.8,84.2,103.2,82.6,38.6,97.1,81.9,128.4,84,70.1,21941,42529,110589,107419,84971,82835,22674,21814,22632
2003 Q3,18691,148490,153372,111860,116329,69345,65794,42995,20402,19519,19711,100,75.3,75.8,62,61.8,77.1,76.8,100,96.6,95.8,9785,17137,1347,9633,3367,4137,12522,722,1322,12117,11837,10529,5412,10679,906,23200,10009,4638,10228,1372,766,16232,4439,13468,852,24544,1298,11744,5068,9905,8644,10229,39.2,97.1,70,103.8,82.6,82,126.1,84.5,103.8,82,39,95.7,81.6,126.4,84.8,69.8,23142,40703,111126,107450,85649,82536,22929,23146,22943
2003 Q4,24460,149400,148893,113810,113323,69182,73559,43034,20937,25162,20072,99.4,76.2,76.1,62.2,62.2,77,77.2,99.5,95.9,97.2,12575,14467,1458,11332,5530,5523,15447,843,1315,12391,12141,10592,5608,10791,881,23074,10152,4764,10175,1362,738,16162,4591,13513,1001,20573,1408,13716,6729,12394,14072,12818,39.2,96.1,70,103.6,82,81.9,125.2,83.8,103.5,82.6,39.3,98.1,82.1,124.6,84.2,70.3,22647,45765,111468,120370,85765,92872,22772,22795,22659
2004 Q1,17566,149489,143868,114480,109731,70462,70373,44031,20713,18505,19801,99.3,76.6,76.3,62.5,62.5,77.2,76.9,100.1,95.6,94.9,8894,17161,1288,9369,6430,4129,12873,1053,1296,11904,12878,10739,5652,11029,1265,22914,9778,5108,10344,1330,1068,16441,4601,13656,1249,24216,1253,11467,5062,10406,16126,9338,39.7,96.3,71.8,102.6,82.1,81.4,123.8,84.4,102.8,81.7,39.9,95.3,81.6,123.7,84.3,70.9,23662,43968,112857,110708,87131,85196,23272,23815,23299
2004 Q2,18890,151260,152521,116823,117456,70801,69842,44426,21082,19828,20090,100.2,77.2,77,62.7,62.9,77.2,77.4,99.5,95.3,95.3,9836,16535,1321,9622,4628,4519,13560,929,1316,12217,13326,10762,5876,11349,1180,22878,10008,5442,10351,1351,998,16413,4764,13933,1099,22782,1285,11703,5569,11006,11312,10225,40.8,96.2,71.7,102.7,81.9,81.1,122.7,84.6,102.8,82.2,40.9,96.2,81.1,123.2,84.5,72.6,22488,43940,113553,110162,87631,85318,23243,22440,23115
2004 Q3,18889,152446,157528,118630,123378,70656,66978,44491,20877,20021,19870,98.9,77.8,78.3,63,62.7,77.2,76.9,99,95.2,94.3,9847,17382,1262,9834,3970,4509,13080,933,1252,12447,13157,10698,5962,11447,1189,22733,10162,5494,10292,1286,984,16492,4826,13916,1126,24075,1230,12134,5597,10718,9604,10397,41.8,96.2,72.5,102.7,81.7,80.9,121.6,82.8,102.6,81.1,41.3,94.7,80.5,122,82.9,72.2,23576,42008,113631,109906,87729,84473,23593,23836,23368
2004 Q4,24259,153537,152815,120392,119760,72000,76726,45729,20885,25203,19843,98.1,78.4,78.4,63.5,63.6,77.3,77.6,97.9,95,96.3,12766,15073,1313,11422,6715,5896,15879,1066,1188,12663,13270,10770,6002,11527,1138,23095,10299,5699,10356,1217,931,16805,4862,13887,1298,20547,1284,13927,7264,13222,15589,13009,42.9,96.2,72.8,102.4,81.3,81,120.5,81.8,102.3,82,43.1,98.1,81.2,120.1,82.1,73.3,23504,48761,115189,124454,89020,96524,23951,23968,23448
2005 Q1,17725,156058,150553,123032,118520,71143,71176,45583,21206,18893,20029,97,78.8,78.7,64.1,64.1,77.4,77.2,97.5,94.4,93.8,9059,17517,1112,9782,7036,4212,13165,953,1107,12652,12643,11008,5803,11796,1204,23264,10219,5614,10588,1141,985,16957,4696,13990,1165,24274,1078,12163,5197,11086,15771,9532,44.4,96.2,72.9,103.1,80.8,80.9,118.6,81.8,103.2,80.4,44.6,95,81,118.8,81.8,72.1,23680,45600,115144,112644,89154,87005,24146,24398,23542
2005 Q2,18428,156633,158381,124037,125300,70996,69792,45685,20937,19677,19616,97.2,79.2,79.1,64.3,64.5,77.3,77.5,96.6,93.7,93.7,9954,17304,1068,9608,4942,4343,13085,953,1057,12411,12928,11000,5700,11543,1272,23118,9984,5959,10470,1084,1034,16966,4568,13508,1172,23354,1041,11929,5412,11146,10767,10449,46.1,95.2,73.4,102.5,80.4,80.1,117,81.3,102.6,80.6,45.9,95.3,80.3,117.4,81.3,74.1,22731,44992,114483,111192,88471,86151,23981,23396,23170
2005 Q3,19072,158664,163500,125902,130060,70596,67107,46209,21500,20548,20133,96.3,79.4,79.6,65.4,65.1,78,77.5,96.8,93.6,92.8,10220,18189,1061,9846,4235,4481,13149,1032,1051,12621,12277,11234,5946,12160,1344,22860,10294,5778,10698,1074,1089,17360,4796,14039,1274,24185,1038,12167,5581,11353,9116,10888,47,95.2,75.9,102.2,81.6,80.7,115.5,81,102.2,80.9,46.5,93.9,80.3,115.8,81,75.2,24098,43720,116017,112140,90430,86890,24893,25014,24088
2005 Q4,25144,158147,157068,127471,126562,71711,76371,47451,22103,26628,20591,96,80.6,80.6,66.2,66.3,78,78.4,95.6,93.2,94.4,13398,16060,1079,11726,7192,5854,16335,1288,1014,12895,12438,11511,5974,12439,1384,23519,10465,6054,10875,1021,1118,17787,4830,14197,1593,20948,1072,14320,7233,14353,14632,13884,48.7,94.5,75.6,100.7,81.1,80.9,114.1,80.8,100.6,81.9,49.1,96.5,80.9,113.8,80.9,76.7,24441,50616,118127,127795,92192,100201,25254,25466,24150
2006 Q1,17957,157104,151763,127313,122709,70970,71065,47555,21949,19409,20475,94.1,81,80.8,67,67.3,78.5,78.3,95.1,93.3,92.5,9344,18528,907,9992,8007,4393,13187,988,958,13048,12508,11541,6024,12413,1267,23248,10549,6297,10960,926,1036,17663,4910,14108,1207,24752,933,12456,5387,11605,15611,9980,50.3,95,76,96.7,80.8,81.5,113.6,81.8,97.2,80.2,51.3,93.6,81.5,113.6,81.9,74.8,24678,47799,117738,115504,92383,90434,25603,26218,24353
2006 Q2,19487,157009,158736,128514,129822,70204,69080,48449,22152,20845,20686,95.6,81.9,81.8,69,69,79.5,79.8,94.6,93.4,93.5,10496,17735,939,10164,5862,4765,13845,1001,1012,13129,12538,11534,6049,12803,1339,22781,10545,7025,11000,958,1087,17649,5014,14378,1234,22486,988,12600,5743,12291,10486,10997,56,95.4,77.5,94.7,80.3,82.9,112.3,81.2,95,80.7,55.9,95.4,83,112.7,81.1,78.9,23711,47668,117731,113809,93651,90866,25923,24799,24516
2006 Q3,20143,158091,162943,130943,135361,71209,67455,49763,22730,21825,21168,93.9,82.8,83.1,69.9,69.2,80,79.3,94.5,93.1,92.3,10701,18694,992,10329,5326,4765,13434,1020,1110,13202,12509,11711,6087,12894,1333,23357,10693,7424,11178,1016,1071,17906,5091,14334,1270,24683,1080,12816,5726,12048,9197,11383,59.4,95.4,76.7,91.5,81,83.6,111.2,80.3,91.9,80.6,57.9,94,83.2,111.5,80.3,75.7,24288,46695,118951,114964,95196,91126,25669,25871,24265
2006 Q4,26201,158099,156861,131817,130695,70657,75440,49060,23051,27803,21459,95,83.4,83.3,69.4,69.8,79.7,80.3,94.3,93.1,94.2,13849,15469,1227,12135,8657,6162,16724,1238,1290,13399,11562,11798,6079,13007,1304,23113,10833,7106,11252,1165,1053,17208,5070,14370,1532,20578,1369,14906,7383,15173,13823,14224,61.5,95.4,74.4,90.3,80.9,83.4,110.5,80.7,89.6,81.4,62.6,97.4,83.5,110.2,80.8,75.2,24451,52665,118592,128735,94513,103317,25442,25749,23994
2007 Q1,18573,160395,155139,132406,127625,70955,71253,49553,22843,20129,21273,93,82.5,82.3,69.8,70.1,79.7,79.7,93.5,93.1,92.3,9285,18086,1320,10256,8941,4530,13613,941,1469,13316,11207,11474,6064,13334,1266,23510,10830,7016,10953,1375,1005,17274,5111,14641,1185,24764,1408,12696,5376,12382,14134,9891,62.6,95.4,73.5,93.6,81.3,84.3,109.8,79.4,93.8,80.8,63.3,93.9,84.3,109.9,79.4,73,24242,49941,118919,116407,94862,92756,25705,26054,24036
2007 Q2,20715,162773,164434,136545,137885,70132,68734,49766,23348,22102,21882,93.9,83.9,83.8,71,71.1,80.4,80.7,92.8,93.7,93.7,10874,18003,1575,10951,5619,5012,14319,958,1687,13791,11203,11816,6186,13640,1351,23330,11313,6923,11363,1614,1048,17804,5283,14769,1232,23223,1647,13294,5863,13170,9174,11297,61.8,96.2,76.3,95.7,82,85.4,108.3,77.6,95.6,82.4,61.2,96.3,85.5,108.7,77.8,77.5,23995,48856,119814,115940,96296,93566,26560,25562,24648
2007 Q3,21365,164676,169531,139088,143772,73941,69630,52356,23883,23051,22306,91.4,84.5,84.8,70.8,70.5,80.1,79.6,92.2,93.4,92.7,11200,19743,1730,11084,5267,5072,14032,1004,1849,14005,12548,12169,6373,13937,1358,24593,11423,7521,11632,1783,1053,18983,5423,14893,1296,25931,1796,13683,5987,13095,8877,11861,59.9,95.6,77.2,96.4,81.6,85.1,106.9,77.5,96.3,81,59.3,94.4,84.7,107.2,77.5,76.2,25057,49095,124469,120044,99727,95517,27172,27423,25065
2007 Q4,26932,165343,164083,138552,137309,72764,78175,52808,23644,28436,22124,93.4,83.8,83.7,72.6,72.4,81.4,81.5,93.1,93.6,94.7,14155,17920,2064,12702,8910,6767,17102,1239,1958,13900,12387,12152,6427,13830,1338,24358,11427,7277,11566,1917,1036,19691,5564,14763,1600,21873,2112,15339,7824,16094,15160,14562,58.8,95.2,80.8,97.9,82.2,86.6,106.7,77.4,97.7,82.8,58.8,97.2,86.5,106.3,77.4,81.9,25880,56591,123329,134140,100357,109403,27312,27710,25425
2008 Q1,19801,166313,160949,141837,136894,72161,72909,53477,24217,21428,22524,90.6,85.3,85,74.1,74.1,81.6,81.6,90.6,93,92.4,9996,20880,1750,10557,9354,4847,14206,918,1858,13469,11510,12345,6245,14453,1289,24892,11105,7231,11690,1811,982,20153,5415,15258,1202,25850,1789,12859,5586,13436,14772,10726,62.8,94.7,81,97.5,82.4,86.7,105.6,76.2,97.8,82.1,63.3,93.2,86.8,105.7,76.4,80.8,25102,54030,123705,121320,100949,98933,27532,27714,24948
2008 Q2,21309,163141,164906,141109,142614,72255,70709,55384,24224,22988,22425,89.7,86.5,86.5,76.7,76.8,82.6,82.9,88.8,92.6,92.7,11538,20112,1684,10670,6423,5278,14759,965,1746,13211,11801,12849,6301,14462,1399,24774,11027,8025,12015,1698,1061,19791,5528,15138,1271,24802,1732,12741,6007,14013,9502,12303,68,93.5,79.9,97.2,83.5,87.7,104.7,75.8,97.2,83.8,67.6,93.8,87.9,105.3,75.9,81.1,24311,54321,124361,120496,102704,99941,28023,27107,24895
2008 Q3,21316,162337,166996,141252,145911,70101,65951,55660,23970,23214,22137,91.8,87,87.4,79.4,78.8,85,84.3,92.7,92.4,91.8,11619,19974,1534,10362,5954,5066,13951,962,1609,12697,11749,12832,6064,14295,1325,22495,10678,8618,11999,1561,1004,19238,5384,14813,1270,23798,1581,12377,5729,13405,8298,12549,73.4,93.5,85.5,97,84.1,88.8,103.6,75.8,97,83.7,71.8,92.6,88.4,104.1,75.8,83.9,24030,51970,119768,115478,101838,97316,25941,26161,24041
2008 Q4,26037,159236,158176,138555,137334,67851,72799,53540,23582,28363,21377,90.1,87,86.8,78.9,79.3,83.9,84.2,90.2,90.6,91.8,14136,15099,1539,11138,11413,6052,16196,1077,1503,11873,11878,12705,5534,13730,1152,21818,9917,9270,11585,1437,875,16883,4916,13903,1422,19529,1614,13273,6822,16086,14366,15153,78,91.2,77.4,95.6,83.5,88.9,101.2,76,95.4,83.9,79.4,93.3,88.7,100.7,75.7,77.3,22495,57740,115623,126163,96971,106272,24452,24966,22054
2009 Q1,19362,158816,154113,137292,132773,68028,69297,54065,24425,21653,22015,90.5,86.4,86.1,79.5,80,84,84.4,90.1,90.1,89.4,10479,17073,1425,9385,11930,4694,13161,856,1544,11797,11734,13489,5840,13939,1220,21254,10025,9032,12148,1471,920,16038,5266,14220,1131,22344,1491,11094,5197,12890,15308,11827,77,90.1,75.5,95.3,85,90.2,102,75.4,95.6,84.6,77.9,88.6,90.3,102.1,75.7,76.4,22036,55440,116426,114788,97850,96838,24163,24359,21770
2009 Q2,20804,157879,159469,136243,137790,67875,66238,54360,24223,22989,21898,92.6,86.3,86.4,80.1,80.1,84.8,85,91.5,90.4,90.5,11488,17722,1476,9699,6295,5026,13739,859,1565,11671,10757,13309,5826,13796,1260,22472,10062,8061,11942,1489,966,17651,5294,14148,1118,22222,1554,11225,5530,13343,8545,12769,74.9,89.7,78.6,95.1,86.2,90.8,102.6,76.7,95,86.4,73.7,90,90.9,103,76.8,79.8,22180,53055,117106,112947,99250,96039,25119,23937,22992
2009 Q3,20951,158244,162494,135999,140376,67845,63721,54778,23941,23232,21757,90.2,85.9,86.4,80.7,80.3,85.1,84.5,91.2,90.9,90.2,11547,19057,1406,10094,5553,4940,13490,945,1523,11915,10895,13252,5777,13939,1299,22932,10323,8142,11900,1437,998,18425,5274,14378,1233,24082,1488,11704,5429,13047,7607,13015,74.7,89.8,80.3,94.4,86.6,91.3,103.1,76.8,94.5,86.3,73,88.7,91,103.4,76.6,79.1,23755,51155,117846,113458,100346,95861,26112,26331,23811
2009 Q4,26433,159670,158533,135487,134082,67953,72445,55008,24187,28902,21880,92.1,84.9,84.6,81,80.8,85.5,85.4,92.5,90.5,91.5,14283,17892,1552,11806,9539,6555,16864,1173,1553,12097,11018,13240,5844,14213,1219,23528,10574,8082,11807,1462,949,19630,5381,14508,1516,21538,1652,13457,7131,16607,12944,15679,73.4,89.2,83.4,94.1,87.4,92.1,102.1,77.9,93.9,87.7,73.7,91.1,91.9,101.5,77.4,83.1,25541,58561,119153,129338,101827,110535,26973,27740,24939
2010 Q1,19243,159701,154664,135178,130555,66917,68343,55011,24150,21419,21902,93.1,84.6,84.4,82.2,82.1,86.2,86.2,92.5,90.7,89.8,10357,19729,1487,9699,11516,4860,13153,728,1621,11758,12107,13360,5917,13877,1016,22172,10330,8886,11971,1554,798,18825,5490,14284,923,23050,1550,11063,5226,12763,15698,11775,73.4,89.6,84.9,95.9,87.9,92.8,102.9,78.5,95.9,87.7,73.4,88,93,103.1,78.9,85.6,23771,56127,116618,115013,100564,99141,25576,25521,23651
2010 Q2,21428,164535,166157,140241,141703,69008,66839,57137,24700,23382,22626,94.5,85.2,85.3,82.8,83.1,87.1,87.4,93.8,91.6,91.7,11694,19083,1722,10451,6449,5539,14498,788,1811,12250,11435,13339,6263,14629,1130,21451,10774,8431,12215,1740,917,18925,5866,14963,967,21369,1795,11871,5915,14110,8791,12760,73.7,91.6,88.2,96.1,88,93.7,102.3,81.2,95.9,88,73.3,91.6,93.6,102.7,81.5,89.3,23182,55570,119226,114591,103798,100180,25619,24528,24035
2010 Q3,22298,165499,170023,141984,146669,67683,63336,56699,25301,24581,23193,93.8,85.8,86.3,83.8,83.9,87.9,87.4,94.9,91.7,90.7,11982,18906,1736,10676,5379,5693,14476,930,1852,12256,10739,13506,6451,15050,1240,20368,10873,7934,12394,1777,1002,18330,6078,15316,1149,21427,1805,12085,6066,14216,7265,13282,73.9,91.8,90,95.9,88.7,94.2,101.8,80.8,96.2,88.3,74,90.2,93.9,101.8,80.9,88.2,23507,53106,117796,113118,103480,98911,24861,25058,23588
2010 Q4,27780,165147,164038,142974,141450,68685,73775,58278,24816,29585,23028,94.1,86.6,86.2,84.8,84.5,88.6,88.6,94.4,92.8,93.9,14961,16858,1909,12090,11281,7253,17737,1350,1861,12163,12828,13302,6239,15115,1330,20386,10939,9374,12414,1783,1079,18496,5911,15301,1677,18531,1995,13408,7663,17582,15355,15690,73.1,93.3,90.8,95.8,89.9,94.7,101.2,81.1,95.7,90.2,73.5,95.4,94.6,100.9,80.5,91,24753,62322,118768,129686,105245,114855,25363,26312,23939
2011 Q1,20090,164691,158951,144346,138990,67284,68446,59256,24357,21605,22817,95.6,87.6,87.4,88.1,88.3,90.9,90.9,95.6,93.7,93,10857,20154,1720,10353,11111,5084,13973,990,1878,11875,10953,13290,6006,14874,1327,20180,10871,8354,12522,1794,1088,19140,5787,15127,1204,21248,1798,11324,5267,13698,14480,11714,76.3,94.2,94.8,95.5,91.5,96.3,101.7,82,95.7,91.4,76.7,92.7,96.5,102,82.2,94.9,24325,60429,116714,115285,106096,104844,25138,25456,24023
2011 Q2,21865,164386,166146,144695,146318,66327,64960,59233,24758,23351,23153,96.3,88,88.1,89.3,89.3,91.5,91.8,95.2,93.5,93.6,12313,19303,1727,10450,6464,5431,14222,911,1853,11756,10199,13717,6019,14612,1298,20490,10784,7986,12913,1741,1078,19420,5777,14640,1096,20033,1842,11386,5664,14098,8323,13071,78.3,94.2,94.8,94,91.7,96,100.2,83,93.8,91.8,77.7,94.2,95.9,100.9,83.1,96.4,22587,58010,115998,111641,106126,102462,24928,23454,23740
2011 Q3,22231,164630,169542,145489,150748,67224,62862,61202,24566,23894,23157,94.5,88.4,88.9,91.1,90.7,92.7,92,95.4,94.3,93.1,12451,20104,1695,10505,6081,5457,13789,969,1833,11664,11333,13530,5981,14777,1249,20304,10870,9219,12898,1732,1051,19462,5824,14589,1152,21340,1787,11330,5627,13979,7600,13300,81.3,95.3,95.9,94.5,93.2,97.4,98.7,84.1,94.8,92.7,80,93.6,97,98.7,84.1,94.2,23757,57033,116738,112010,108222,103021,25010,25141,23863
2011 Q4,28439,165793,164861,147511,145985,66465,71032,60906,24726,29557,23498,94.8,89,88.6,91.6,91.7,93.1,93.3,94.9,95,96.2,15802,18224,1892,12075,10484,7354,16861,1553,1862,11521,10033,13651,6059,14730,1408,20800,10858,8581,13090,1767,1206,19763,5938,14489,1830,19153,1999,12776,7507,17218,12115,16103,85.5,95.9,95,94.9,94.3,98,98.4,85.7,94.6,94.5,86.5,98.1,98,97.9,84.9,95.1,24993,65125,116516,127030,108440,118557,25327,26352,24036
2012 Q1,20444,166393,160336,148504,142797,66184,67581,60997,24557,21652,23349,93.9,89.3,89.1,92.2,92.7,93.2,93.4,94,95.1,94.4,11270,20544,1705,10424,12005,5416,12746,1108,1858,11537,10301,13602,6268,14105,1421,21012,10940,8799,13049,1794,1217,19798,6192,13853,1291,21796,1766,10995,5482,12959,13924,11909,85.4,95.9,94.2,96.5,94.8,98.8,98.2,85.7,96.5,94.8,86.2,94.6,98.8,98.3,85.8,94.3,23894,62624,115977,114584,108087,106962,25248,25445,23741
2012 Q2,22048,167268,169112,150425,152076,66580,64474,61760,24569,23162,23370,95.4,89.9,89.9,92.7,92.6,93.7,93.8,94.8,95.1,95.2,12447,19180,1972,10957,8070,5849,13330,1104,2061,11819,11740,13665,6297,14014,1516,20240,11274,10103,13081,2005,1311,19249,6235,13769,1272,19973,2032,11478,5917,13510,9475,13000,86.1,95.7,95.1,97.3,95.4,99,98.3,86.5,97.1,95.4,85.2,95.8,98.8,98.7,86.8,96,23025,59714,116571,111717,109250,104787,25442,24133,24120
2012 Q3,22960,170467,175701,153379,159089,66428,62278,61580,25103,24483,23860,93.8,90,90.5,92.7,92.2,93.6,92.9,94.6,95,93.8,12847,20372,2111,10711,6225,5869,13332,1269,2237,11542,10954,13871,6280,14334,1588,20739,11020,9403,13281,2178,1382,19570,6258,14070,1457,21779,2160,11254,5913,13624,7366,13667,85.8,95.8,94.4,97.4,95.5,99.6,98.2,87,97.7,95.2,84.5,94,99.3,97.8,87.1,93.5,24031,57458,116916,112446,109446,104449,25393,25614,24006
2012 Q4,29791,171109,170088,155031,153377,68530,73389,64209,25886,30818,24664,94.6,90.6,90.2,93.7,93.7,94.2,94.5,94.3,95.3,96.7,16488,19092,2559,12223,11915,7958,16894,1813,2448,11628,11434,14148,6353,14902,1578,21709,11081,9910,13641,2370,1384,20571,6407,14610,2083,20152,2646,12799,7886,17262,13664,16710,86.7,96.4,94.7,96.8,95.3,100.9,98,87.7,96.7,95.5,87.2,98.7,100.9,97.9,87.1,94.8,25827,68750,120824,131541,113783,124368,26408,27299,24910
2013 Q1,21785,170377,164330,155725,149934,67909,69910,64470,26097,22958,24911,93.8,91.4,91.2,94.9,95.3,94.8,94.9,93.7,95.5,94.9,12040,20936,2276,10584,14473,5613,13062,1153,2488,11601,11813,14607,6403,14382,1445,21623,11050,10706,13997,2407,1275,20388,6421,14179,1302,22209,2353,11111,5592,13232,15886,12717,90.6,95.8,94.3,96.7,95.3,100.3,98.6,88.2,96.7,95.3,91.1,94.7,100.4,98.7,88.6,94.3,24566,66603,120165,118997,113879,112954,26152,26192,24498
2013 Q2,24180,172514,173890,158809,160054,67130,64603,63993,26553,25065,25651,93.4,92.1,92.1,95.3,95.2,95.1,95.1,93.3,96.6,96.4,13481,20772,2530,10950,8356,6064,14151,1104,2672,11867,11586,14553,6455,14848,1500,22244,11311,10607,14185,2576,1330,20780,6491,14614,1244,22164,2630,11497,6032,14356,9185,13862,91.6,97.5,93.4,96.4,95.3,100.5,98.4,88.7,96.2,95.2,91,97.3,100.5,98.6,88.7,93.7,24551,61532,121121,115966,115222,110263,27409,26281,25578
2013 Q3,24905,174790,180586,161142,167478,66835,62800,64131,26814,26166,25874,93,92.2,92.7,96,95.7,95.4,94.9,93.2,96.5,95.2,14078,22740,2699,10887,6064,6227,14066,1233,2888,11822,10028,14881,6626,15101,1526,23137,11317,9210,14552,2777,1360,21714,6651,14793,1383,24248,2796,11401,6221,14421,6664,14665,91.8,97.8,93.8,96.2,95.7,100.4,98,89.1,96.5,95.5,91,96,100.1,97.5,89.1,93.8,26873,60106,122450,117947,116804,111884,28758,28912,26799
2013 Q4,31362,175799,174674,162529,160739,66965,71526,64365,26692,31967,25796,93.6,92.4,92,96.1,96.1,95.6,95.9,93.6,96.6,98.1,17730,20034,3148,12492,11352,8406,17060,1910,2965,11687,10548,14960,6743,15026,1593,23088,11235,9722,14595,2893,1435,21600,6747,14753,2135,21471,3234,12968,8382,17348,12240,17757,92.2,97.5,93.6,97.6,96.1,100.1,98.2,90.1,97.4,96.3,92.7,99.8,100.3,98.4,89.5,93.3,27782,68718,122433,133259,117058,127862,28743,29677,26897
2014 Q1,22037,178346,171938,165594,159273,66354,67417,64178,26378,23081,25336,93.7,92.9,92.6,96.7,97,96,95.9,94.1,96,95.5,12185,22372,2702,10855,12457,6003,13393,914,2911,11926,9932,14742,6891,14743,1123,22873,11441,9444,14284,2840,1012,21481,6898,14540,1011,24005,2772,11332,5984,13557,13061,12712,95.1,96.9,93.9,97.6,95.9,100.1,98.6,90.1,97.5,95.8,95.4,95.9,100.3,98.8,90.4,93.2,27062,65390,121155,119338,116256,114489,28403,28867,26742
2014 Q2,24505,180166,181708,168952,170322,66270,64439,63895,26717,25313,25884,94.1,93.8,93.7,96.4,96.4,95.8,95.9,93.6,96.9,96.8,14043,21891,2778,11249,7482,6641,14379,817,2892,12125,9660,15061,7159,14813,1088,23954,11655,9169,14732,2823,977,22230,7144,14678,907,23430,2846,11683,6655,14477,7898,14392,94.9,97.8,92.8,97.6,96.1,99.8,99.1,89.8,97.6,96.3,94.8,97.6,99.8,99.3,90.1,93.5,26165,62102,122435,117578,117334,112772,29453,27820,27555
2014 Q3,24888,183439,189323,172150,178588,66744,62820,64166,26710,26116,25774,93.8,93.8,94.3,96.2,96,95.6,95.3,93.7,96.5,95.3,14052,23715,2645,11515,6212,6740,14126,929,2779,12398,9723,14963,7200,15066,1139,24157,11915,9238,14479,2718,1023,22523,7175,14887,1033,25330,2698,12001,6776,14350,6572,14768,95,96.8,93.2,97.8,96.1,99.7,98.8,89.8,98,95.9,94.5,95.1,99.5,98.4,89.9,93.6,28205,60286,123270,118963,117881,113379,29830,30067,27941
2014 Q4,31332,181726,180708,171604,170117,66754,71446,63601,26705,32000,25768,93.1,94.4,94.2,95.3,95.2,95.1,95.4,93.3,96.5,97.9,17830,21003,2958,13419,10722,9311,17221,1365,2740,12544,9643,15058,7553,15371,1123,24759,12027,9022,14615,2702,1013,22747,7478,15014,1522,22978,3006,13977,9388,17609,11427,17952,93.6,97,91.9,98.6,95.9,99,97.7,90.2,98.4,96,93.8,99.3,99.2,97.8,89.7,91.4,29907,68062,124595,135576,118470,129301,31178,32110,29101
2015 Q1,22625,183397,176657,172986,166153,67469,69339,63224,27175,23768,26060,91.7,94.3,94.1,93.7,93.6,93.8,93.5,91.8,95.9,95.2,12517,22142,2724,11729,13098,6888,13889,876,2888,12945,10330,15277,7932,15531,1080,24297,12407,9595,14794,2849,978,21144,7872,15030,965,25476,2764,12248,6928,14368,14177,13079,92.9,96.8,87,98.6,95.8,99.2,96.8,90.6,98.6,95.8,92.4,95.7,99.4,96.7,90.8,86.9,28968,64908,125877,124641,117983,116501,31269,31605,28699
2015 Q2,25455,184226,185810,174445,175849,67271,65238,62998,28046,26493,26983,92.5,94.7,94.6,93.6,93.8,93.9,94,92.4,96.2,96.1,14562,21544,2655,12103,7797,7337,15307,844,2739,13176,10281,15732,7966,16192,1126,24529,12603,9432,15282,2705,1021,21832,7899,15630,931,24193,2687,12641,7398,15817,8491,15024,91.7,97.1,89,98.8,95.7,99.2,96.5,90.7,98.8,95.7,91.8,96.9,99.2,96.8,90.7,89,28126,61185,127232,122096,119507,114766,31957,30406,29526
2015 Q3,26519,185170,191073,175961,182495,68194,63518,63468,28657,27859,27619,93.1,95,95.5,93.1,93.2,93.8,93.7,92.9,96.4,95.2,15018,23522,2635,12493,6413,7530,14713,1084,2726,13408,10766,15932,8044,16148,1333,25008,12885,9814,15470,2706,1209,22264,7986,15515,1195,26260,2650,13028,7599,15365,6991,15726,91.2,97.1,89,99.3,96.1,99.3,96.1,90.7,99.4,95.9,91.7,95.5,99.1,95.7,90.7,89.6,30437,59158,129077,123976,121063,116114,32262,32677,29976
2015 Q4,34315,185626,184879,177892,176787,66778,71617,61542,29249,35007,28252,93.2,95.9,95.6,92.2,92.1,93.5,93.8,93.5,96.6,98,19094,20300,3000,14703,9896,10050,17554,1578,2779,13673,9307,16134,8164,15937,1270,25114,13133,8363,15645,2754,1174,22268,8048,15288,1718,23019,3031,15285,10181,18258,11025,19246,89.8,97,88.7,99.1,96,98.6,95.9,92.4,99,96.2,89.8,99.2,98.7,96.1,91.8,88.2,30696,65981,128121,139594,119820,130992,32121,32921,30026
2016 Q1,24379,188625,181694,180578,173414,69488,71080,63518,29064,25432,28072,92.9,95.7,95.5,91.4,91.1,93,92.7,92.9,96.6,95.8,13193,24188,2658,12115,12717,7413,14288,1476,2790,13265,10662,16036,8622,16199,1804,26425,12679,9510,15649,2785,1663,22953,8487,15456,1599,27926,2668,12679,7515,15010,14382,13697,89.2,97.6,86.9,99.8,95.6,98.4,95.4,92.2,99.6,95.6,88.4,96.3,98.6,95.2,92.3,86.6,31939,64777,132281,130717,122978,121095,33785,34397,31388
2016 Q2,26561,190980,192550,183653,185059,70554,68149,64510,29106,27549,28079,93.3,96.2,96.1,91.4,91.7,93,93.1,93.4,96.5,96.4,15105,22583,2673,12162,7876,7695,15219,1538,2730,13360,11113,16251,8482,16180,1995,25770,12676,9813,15833,2729,1861,22908,8294,15452,1651,25420,2668,12813,7874,15922,8893,15520,88.3,97.4,88.9,99.9,94.9,97.8,95.5,93.3,100.2,94.9,88.6,97.3,97.7,95.6,93.2,88.8,29621,62456,133044,127397,123791,118638,33434,31761,31202
2016 Q3,27395,192695,198683,187105,193797,70426,66121,64739,29558,28786,28445,92.8,97.1,97.5,91.9,92.1,93.1,93,92.7,96.2,95.2,15631,24357,2687,12569,6096,7873,14714,1706,2765,13868,10149,16500,8458,16195,2011,26179,13082,9011,16013,2753,1898,23182,8276,15513,1808,27386,2692,13364,8062,15419,6788,16365,88.8,97.1,88.6,99.6,94.3,97.8,95.8,94.4,99.8,94,89.8,95.5,97.7,95.4,94.4,89,31682,60889,133817,129014,124587,119966,33873,34138,31403
2016 Q4,35555,191997,191370,187675,186741,71169,76287,65929,30446,36407,29294,93.4,97.7,97.6,92.7,92.5,93.7,93.9,93.4,96.2,97.7,19824,21084,3045,15000,11050,10348,18515,2681,2831,14060,10664,16651,8426,17089,2084,25701,13409,9405,16258,2796,1979,23169,8272,16315,2836,23343,3088,15697,10537,19312,12525,19856,88.2,97.6,90.1,98.8,95.4,98.2,95.5,94.9,98.6,95.6,88.2,99.9,98.2,95.9,94.5,90.3,32247,70574,135313,147327,126719,138376,33716,34512,31496
2017 Q1,26145,194506,187405,188456,180960,70815,71655,66674,30986,27209,30023,92.7,96.9,96.6,94.1,93.9,94.5,94.2,93.2,96.9,96.1,13692,25376,2696,13076,11738,7567,15686,1307,2879,14301,9822,16556,8801,17580,1567,26155,13823,8773,16205,2817,1481,23776,8660,16997,1378,28254,2762,13573,7663,16240,13227,14195,89.3,97.9,90.9,97.8,96.7,98.4,96.7,94.5,97.6,96.3,88.8,96.4,98.7,96.6,94.8,89.8,32478,67305,135667,133750,128248,125928,33863,35026,31551
2017 Q2,28555,195036,196649,189601,191101,71708,70076,67765,30877,29303,30123,96.7,97.2,97.2,94.5,94.6,95.6,95.8,96.3,97.6,97.4,15339,21958,2808,13447,7509,7886,17220,1327,2950,14532,9884,16170,8559,17972,1701,24288,14040,9003,16041,2858,1615,22478,8471,17516,1399,23534,2889,13898,7974,17696,8206,15484,91.1,99.2,92.5,96.9,96.6,99,97.5,95,97.2,96.8,91.5,99.1,98.9,97.3,94.8,93.3,29274,66313,134861,129628,128979,124142,32289,30289,31091
2017 Q3,29617,195783,201650,190928,197659,72404,67929,68766,31123,30464,30602,95.8,97.5,98,95,95.1,96,95.7,95.8,98.3,97.2,16001,24070,2844,13867,6486,8308,17166,1544,3008,14641,10514,16291,8835,18396,1779,25205,14318,9706,16291,2904,1705,23036,8704,18034,1609,26283,2939,14199,8454,17593,6944,16260,92.3,100,91.4,96.5,97.8,98.5,98,95.8,96.8,97.7,93.4,98.4,98.3,97.6,96,91.6,32274,64596,136999,132113,131463,126487,33490,33692,32095
2017 Q4,36944,196664,196285,192194,191459,72919,78186,70210,30837,36847,30513,96.9,97.8,97.5,96.3,96.2,97,97.3,96.7,98.9,100.3,19785,21692,3261,16438,11270,10817,20466,2365,3135,14810,10145,16213,8890,18300,1816,25474,14647,9521,16280,3030,1742,23806,8743,17991,2477,23051,3382,16614,10994,20719,11988,19291,93.9,100.4,93.5,96.7,98.9,98.3,98.3,95.9,96.4,98.9,94,102.6,98.4,98.8,95.5,94.1,33310,75201,137448,149484,133322,145455,33724,34359,32599
2018 Q1,27056,197638,190148,194433,186361,73338,74378,71292,31241,27386,31083,96.8,98.3,98,97.2,97,97.6,97.4,96.7,99.5,98.8,14026,25090,2838,14177,13649,7709,16719,1452,3005,15095,10916,16384,9044,18395,1734,25002,14947,10344,16582,2944,1646,23708,8872,18152,1526,26599,2911,14324,7833,16951,14485,14046,94.8,101.2,94.8,98,99,98.1,98.7,94.9,97.5,99,94.2,99.8,98.4,98.6,95.1,94.3,33222,72173,138197,135967,134908,132451,33640,34316,32533
2018 Q2,28368,198496,200232,195879,197531,73324,71436,71401,30166,28537,30033,97.4,98.7,98.7,97.4,97.6,97.9,98,97.6,99.6,99.4,15900,24259,3047,14110,7847,8320,17035,1323,3159,14798,10078,16501,9154,17445,1682,25350,14697,9661,16619,3085,1607,24378,8988,17264,1390,25223,3110,14208,8474,17235,8164,15773,95.9,100.7,96.2,97.6,99.3,98.2,98.9,95.5,98,99.3,96.1,100.8,98.2,98.8,95.2,96.2,31306,69689,136976,132039,134153,129363,33530,32128,32719
2018 Q3,29853,199573,205561,197340,204497,73730,69618,72603,30966,30232,30873,96.7,98.9,99.5,98.5,98.4,98.4,98,96.8,99.7,98.8,16442,24817,3051,14372,6583,8778,16753,1465,3156,14922,9895,16668,9310,17747,1662,24822,14791,9712,16709,3106,1600,23959,9185,17613,1525,25728,3093,14534,8929,16956,6673,16626,98.1,100.2,96.5,98.4,99.2,98.7,99.2,96.3,98.6,98.9,98.7,98.9,98.3,98.8,96.1,96.5,32036,68500,137692,132981,135443,130389,33024,33145,31967
2018 Q4,38600,200828,200594,199224,198487,74061,79021,73316,31951,38169,31888,98.6,99.2,98.9,99,99,99.1,99.4,98.4,99.8,101.1,20048,22718,3396,16900,11690,11677,21187,2316,3227,15290,10058,16497,9501,18728,1729,25390,15124,10052,16506,3197,1703,24839,9439,18665,2366,23014,3433,17039,11773,21173,11625,19605,99.9,100.1,97.8,99.1,98.9,99.3,99.7,98.5,98.9,99.2,100.6,102.3,99.2,100.1,97.9,98.7,34049,78250,139923,151801,138598,150899,33923,34528,33394
2019 Q1,28113,201275,193670,200296,191943,73623,73897,72565,32343,28319,32326,99,99.5,99.1,98.6,98.4,99.2,98.8,99.6,99.9,99.3,14538,26740,3220,14314,12150,8066,16994,1255,3317,15049,9849,17158,9410,18380,1465,25417,14991,9392,17161,3310,1434,25119,9328,18430,1280,27390,3242,14399,8109,16912,12760,14736,95.3,100,98.8,99.8,99.6,99.1,100.3,97.9,99.3,99.4,95.2,98.7,99.5,100.5,98,97.6,34356,72741,139346,136830,138148,135210,33386,34682,33257
2019 Q2,31165,201521,203162,200583,202317,73513,71841,73639,33019,31304,32917,100.4,99.5,99.6,100.2,100.3,100,100.2,100.1,99.7,99.5,16446,24958,3281,15000,8623,8804,18669,1320,3312,15614,10213,17237,9535,19008,1621,25171,15579,10418,17182,3302,1622,25203,9498,18968,1322,24796,3275,15019,8836,18735,8333,16494,102,99.7,100.1,99.7,99.8,99.6,99.8,100.1,100.2,99.9,103.5,99.7,99.6,99.6,99.9,100.7,32616,72075,140667,135632,140706,135856,34138,32489,34150
2019 Q3,32470,200863,206775,201203,208316,72485,68788,72937,33505,32778,33475,99.8,100.2,100.8,100.6,100.7,100.3,100,100.1,99.9,99.1,17093,25781,3156,14988,6638,9066,18250,1512,3210,15538,9213,17380,9425,18992,1628,24912,15539,9440,17365,3209,1636,25024,9450,18986,1506,25764,3146,15016,9089,18305,6367,17345,102.5,99.9,100.5,100,100,100.3,99.9,100.5,100.3,99.8,104.3,98.6,99.8,99.7,100.4,100.1,33614,69229,139684,135266,140143,135313,33686,33692,33731
2019 Q4,39980,200890,200942,202467,201973,72970,78065,73450,32861,39327,33010,100.8,100.8,100.5,100.6,100.6,100.5,100.9,100.2,100.5,101.6,20902,22557,3370,16905,11307,11947,21404,2282,3188,15006,9443,17204,9513,18937,1655,24536,15098,9468,17271,3206,1677,24690,9607,18933,2261,22086,3364,16773,11849,21365,11258,20404,100.3,100.4,100.6,100.5,100.6,101,100,101.3,100.2,100.8,100.4,102.4,100.8,100.2,100.9,102.1,33927,78546,139135,151104,139835,152453,33303,33650,33375
2020 Q1,26182,195137,189521,195369,189272,74606,75201,75079,29878,26312,29885,100.5,100.1,99.9,100.6,100.6,100.6,100.4,101.1,100,99.5,13078,25140,3025,14756,12647,6937,17250,1496,3026,15643,9760,15274,7919,18672,1655,23028,15629,9726,15257,3087,1690,23439,8038,18680,1461,25034,2977,14809,6799,17183,12756,13248,99.7,99.9,101.8,102,99.9,101.5,100,102.1,101.6,99.6,99.1,98.7,102,100.4,102.4,100.4,33305,75634,136562,134652,137397,135121,32078,33139,32433
2020 Q2,22777,138486,139354,138694,139780,72275,70706,72437,24527,23091,24260,101.2,100.2,100.3,100.2,100.6,100.1,100.3,101,98.9,98.7,10986,11250,2554,14438,8218,6590,16869,1294,2521,15199,10142,11859,6998,16920,1512,11789,15098,9766,11549,2570,1568,11453,7104,17133,1251,11495,2488,14518,6470,16747,8424,11269,96.3,97.4,97.1,101.9,99.3,101.5,101.2,103.7,102.7,99.5,97.6,97.5,101.9,100.7,103.4,97.9,22366,71108,120442,115903,120565,116251,23640,22106,23868
2020 Q3,28205,168489,172106,169832,173808,74655,70494,74539,29275,28426,29278,102.8,100.8,101,99.9,100,100.8,100.6,103.5,100,99.2,13934,24879,3182,16545,6565,8490,17683,1580,3193,17060,9724,14342,8716,18356,1595,23826,17092,9456,14253,3252,1665,24167,8858,18606,1516,24711,3109,16531,8389,17505,6632,14215,97.2,99.4,101.4,101.9,100.2,101.6,101.4,104.4,102.3,100.1,99,98,101.2,101,104.2,100.7,36737,70531,139623,134657,140750,135473,35693,35737,36933
2020 Q4,35550,166808,167939,168792,169827,74947,80082,74352,29372,35223,29291,104.7,101.2,101.1,99.2,98.8,100.4,100.6,103.5,99.8,100.9,17047,18927,3694,18405,11120,10582,21628,2028,3466,16318,10301,14155,8489,18697,1411,20892,16325,9602,13986,3546,1475,21137,8599,19011,1945,18295,3632,18362,10464,21210,12115,16898,93.2,98.8,101.2,102.3,100.1,101.3,101.7,104.5,101.7,100.2,91.8,100.9,101.1,102,104.3,103.4,34207,79134,136565,147980,137024,148891,32246,32675,33381
2021 Q1,24727,160830,157386,163769,160050,74989,75830,75641,29158,25271,28282,105.1,101.8,101.7,100.9,99.7,101.8,100.5,109.4,97,97.8,11483,20054,2800,14946,12710,6778,17238,1279,2876,15781,10597,14362,7724,18381,1410,17198,15943,10137,13474,2921,1466,19240,7867,18767,1231,19124,2767,14857,6659,16720,13906,12135,95.6,93.8,111.9,101.5,101,101.9,102.1,104,101.2,100.6,91.4,94.6,101.8,103.1,103.9,104.9,30106,75631,131845,129750,134217,130464,27698,28649,30294
2021 Q2,31851,177329,179430,182504,184304,77670,75763,78369,33196,31738,33338,105.8,102.9,102.7,100.9,102.3,101.8,102.7,105.1,100.4,100.4,16101,24003,3228,17491,9272,8572,20161,1472,3210,17665,11181,16943,9180,19426,1638,22661,18098,10797,16710,3261,1729,23654,9324,20155,1388,22641,3164,17067,8387,19503,9201,16218,96.6,98.6,104.4,101.6,102.5,101.6,103.7,105.5,102,102.5,100.8,99.3,102.2,103.4,106,106,34983,77478,145188,140554,147803,144312,34322,33053,36096
2021 Q3,31031,191659,196030,198169,202738,74241,70362,76803,31465,30702,32411,108.5,103.4,103.4,103.4,103.4,104.4,104.1,107.9,103,101.1,15907,24954,3252,16966,6689,8576,18125,1556,3221,16602,9443,16168,8719,18155,1542,22409,17421,9588,16506,3304,1631,24492,8985,19091,1476,22642,3177,16267,8373,17323,6452,16023,101.5,102.1,109.3,102.6,104.9,103,105.2,105.8,102.3,104.3,103.7,99.3,102.4,104.6,105.4,110.2,34669,72750,138226,133011,144302,138450,32520,31947,35088
2021 Q4,39742,192726,189698,201192,198542,73940,78885,78872,32021,38129,33320,111.5,104.4,104.7,106.7,106.3,106.7,106.9,109.3,104.1,104.2,20628,24401,3378,19750,12431,11774,21572,2160,3104,16519,9560,16867,9147,18009,1557,22920,17691,10580,17429,3172,1641,26026,9524,19083,2052,20781,3303,18376,11351,20425,11222,19964,110.7,103.4,113.5,102.2,107.1,104.1,106,105.4,102.3,107.5,110.7,103.3,103.7,105.6,105.3,117.4,38103,83826,139253,151197,148575,161671,33292,34183,36383
2022 Q1,30378,196128,187170,207201,197423,72745,72777,79439,33378,28891,34686,114.3,105.6,105.5,109.2,108.7,110.2,109.3,119.1,103.9,105.1,15422,27474,3078,18122,13683,8211,18247,1622,3103,17056,9465,17814,9184,18680,1773,20756,19058,10900,18027,3188,1869,26764,9603,19883,1544,22875,3005,16331,7877,16903,12273,15055,115.2,101.2,128.9,102.7,111.7,104.6,106.4,105.4,102.4,111,111.5,102.4,104.2,108,105.1,120.1,38013,79142,138152,134926,152264,147533,32029,33258,38139
2022 Q2,33558,197987,201360,214676,217714,72462,71114,84700,32499,31141,35043,114.3,108.4,108.1,116.9,117.4,113.9,114.4,113.2,107.8,107.8,17492,27378,3199,18106,12139,8892,19832,1583,3163,16410,9339,17178,9123,18224,1714,22325,18665,14252,18140,3234,1855,27251,9686,19803,1455,21923,3115,15908,8323,18266,7801,16461,152.6,105.6,122.1,102.2,113.7,106.2,108.7,108.2,102.7,113.8,155.6,106.3,106.8,108.6,108.8,124.9,35752,83481,137811,133521,156918,152791,32850,31266,37175
,,,,,,,,,,,,,,,,,,,,,,,,,,,,,,,,,,,,,,,,,,,,,,,,,,,,,,,,,,,,,,,,,,,,,,,,,,,,,,
,,,,,,,,,,,,,,,,,,,,,,,,,,,,,,,,,,,,,,,,,,,,,,,,,,,,,,,,,,,,,,,,,,,,,,,,,,,,,,
,,,,,,,,,,,,,,,,,,,,,,,,,,,,,,,,,,,,,,,,,,,,,,,,,,,,,,,,,,,,,,,,,,,,,,,,,,,,,,
