Area in sq ft,No. of Bedrooms,Price
2716,5,1675000
814,2,650000
761,2,735000
1986,4,1765000
700,2,675000
403,1,420000
1548,4,1475000
560,1,650000
1308,3,2500000
646,2,925000
3392,6,2400000
2974,6,2500000
5294,5,2795000
778,2,725000
647,2,750000
4596,6,12500000
1702,3,1450000
3503,6,1250000
1173,3,2275000
865,2,1075000
597,1,500000
3016,4,5500000
3154,4,8950000
765,2,1175000
479,1,550000
1101,3,1300000
1177,3,800000
2331,4,3500000
664,2,374950
805,2,400000
582,2,1100000
1494,4,1200000
1507,4,1250000
945,3,695000
2118,4,1735000
2297,5,2350000
1351,4,1200000
749,2,975000
1177,3,850000
1884,4,1599950
1321,2,925000
869,3,650000
670,1,550000
10100,10,9975000
1910,5,1850000
590,1,525000
2239,4,2200000
5599,6,3450000
1608,3,1999999
884,3,725000
1232,2,1750000
2299,3,5250000
1307,3,1250000
570,1,490000
2185,3,3350000
1228,3,1000000
2511,4,2350000
1528,3,2095000
811,2,1250000
969,2,735000
1132,4,875000
2498,6,1250000
643,2,595000
5022,3,1675000
4858,6,2595000
974,3,820000
850,2,830000
458,1,500000
5999,7,2500000
3851,6,7500000
1382,3,749950
448,1,480000
1763,4,3500000
1208,3,2100000
1023,2,650000
1693,4,1050000
1890,5,1300000
1348,4,625000
540,1,625000
791,2,1100000
2646,4,5950000
1375,4,1325000
1068,2,1250000
1119,3,2300000
1811,4,1500000
1603,5,1350000
942,3,799995
495,1,795000
829,2,525000
2120,5,2595000
631,2,820000
2108,4,1200000
705,2,680000
1956,3,2300000
2083,5,2300000
3714,5,4000000
516,2,500000
1185,3,1275000
2972,3,4500000
2125,4,1750000
2350,4,2600000
2354,4,3450000
2183,5,2350000
1218,2,2375000
1841,5,1995000
1154,4,1000000
2314,5,1795000
1178,3,687500
1483,3,2450000
1770,2,3500000
2487,5,1225000
773,2,850000
654,2,780000
697,2,399950
2982,5,1499950
1081,3,900000
3986,6,2500000
773,2,575000
1708,5,1250000
1580,3,1575000
6602,6,4750000
1909,4,1175000
1337,3,695000
1771,4,1200000
2374,5,1700000
2125,2,1000000
903,2,1635000
902,2,625000
3753,6,1850000
1736,4,2400000
590,1,1200000
1173,2,785000
1298,2,1250000
1912,3,2300000
3877,4,1800000
1465,3,1300000
1580,4,1750000
2300,4,1495000
2917,5,1855000
1953,4,1625000
1449,3,3150000
4745,7,5250000
4798,6,6000000
1902,5,1395000
2056,3,1385000
922,2,800000
2316,4,3695000
1195,2,2200000
687,2,1175000
4815,5,9500000
2470,4,3100000
3674,4,5500000
1012,3,925000
414,1,550000
381,0,260000
547,1,550000
2202,5,2400000
460,1,580000
2785,5,2300000
1270,3,1200000
1934,5,1500000
2605,5,2250000
2047,4,1500000
2850,5,2150000
2555,6,1595000
2088,5,1565000
2173,5,1500000
774,2,400000
525,1,415000
1230,2,1395000
2734,6,2800000
872,2,1195000
1839,4,2750000
5501,6,6950000
2675,4,2750000
514,2,525000
1920,3,5450000
2392,4,2325000
3256,3,3750000
714,2,1750000
604,1,750000
1755,4,3150000
2357,4,1150000
800,2,575000
2475,6,1250000
1703,4,1150000
584,1,650000
1356,4,1295000
1362,3,765000
1420,3,1100000
2153,4,2350000
1222,4,965000
732,1,1750000
1119,2,800000
2375,5,1050000
525,1,475000
874,2,752500
1748,4,1399950
6061,7,2795000
3913,4,1750000
3406,5,2995000
2500,5,1825000
609,2,550000
2516,5,1850000
428,1,625000
1604,2,2290000
1820,5,3450000
710,2,995000
538,1,450000
935,2,850000
950,2,975000
924,3,1850000
1074,3,940000
3261,5,1595000
1779,4,1275000
1541,4,1325000
1687,4,850000
880,2,865000
859,2,650000
1577,2,3500000
1944,5,1695000
472,1,399995
4682,6,5750000
2865,4,4650000
4016,8,1650000
1448,3,2800000
1056,3,1100000
1811,3,2650000
2550,5,1575000
775,1,525000
1099,2,1650000
726,2,850000
1791,3,2700000
795,2,695000
1799,4,1400000
1293,3,2050000
972,2,615000
1777,3,1000000
526,1,315000
1328,3,1850000
1289,3,2895000
459,1,450000
963,2,500000
949,2,675000
583,1,650000
1068,1,1395000
4966,5,2395000
858,3,725000
2525,4,2000000
664,2,625000
1328,3,1350000
2191,4,2100000
8034,6,3650000
1892,4,1850000
1132,3,1500000
2190,4,3625000
1274,2,1500000
630,2,525000
455,1,290000
2931,5,1725000
1510,3,1395000
705,2,400000
1504,3,3350000
2067,4,1795000
1160,2,600000
1997,4,1500000
2149,4,1600000
3620,7,1550000
1195,3,1325000
1587,3,1395000
849,2,735000
2094,4,825000
2550,3,1500000
832,2,679000
1244,3,1500000
1501,3,1000000
3035,4,4995000
1604,4,1350000
723,2,625000
660,2,600000
627,1,875000
872,2,565000
3128,5,5850000
1201,2,1250000
1453,3,1800000
1781,4,1495000
3800,8,3100000
1831,3,1050000
2503,5,1850000
1061,3,730000
5896,7,2900000
736,2,650000
2438,5,2100000
2600,5,2250000
1867,5,1695000
1884,4,1375000
2138,5,1400000
927,2,635000
1845,3,2995000
1758,4,1000000
526,2,449950
474,1,425000
1783,3,650000
1902,3,1795000
801,2,1600000
1002,3,1750000
2275,5,2050000
1371,3,1150000
2446,5,995000
1703,5,1900000
792,1,675000
1273,3,1500000
786,2,620000
747,2,650000
663,1,500000
2006,5,1395000
3597,4,2950000
841,2,765000
1854,4,1600000
1126,3,975000
2119,5,1699999
1294,4,950000
1582,3,2150000
1840,2,2950000
1115,3,1500000
882,2,650000
1700,4,950000
663,2,625000
10475,7,4825000
1983,4,1575000
1266,3,2550000
707,2,525000
967,2,775000
2210,3,3250000
1459,4,775000
2153,5,1775000
2543,5,3250000
797,2,700000
760,2,595000
540,1,525000
3007,6,2450000
538,2,550000
6186,6,3950000
1024,1,600000
1984,5,1450000
2896,3,5750000
1793,2,7500000
745,2,180000
909,3,699950
935,3,665000
328,0,210000
3112,5,1550000
1292,3,865000
8315,7,18000000
3153,5,1100000
2857,5,2850000
1074,3,1150000
414,1,550000
596,1,690000
999,2,995000
1029,3,575000
477,1,334950
962,2,1000000
1510,3,750000
3596,5,2100000
1903,4,1299000
2358,4,1900000
1813,4,1295000
1169,2,1280000
2028,4,1425000
1720,4,1795000
1423,4,1125000
1001,2,945000
2809,5,3150000
920,2,699950
1420,4,1275000
2428,3,3750000
431,1,460000
4637,6,6795000
2096,4,1695000
2254,5,1050000
4090,4,15950000
769,2,900000
3001,4,6950000
1155,3,1200000
990,3,399995
1607,4,1100000
646,2,650000
3716,5,2950000
953,3,600000
2313,4,2450000
939,2,775000
652,2,625000
344,0,295000
1519,4,2350000
1935,5,1999995
1299,3,2250000
582,2,550000
451,1,499000
1339,3,850000
1857,4,950000
1507,4,799999
1340,3,2500000
3336,5,6450000
1765,2,2250000
1752,3,2500000
560,1,475000
657,2,560000
758,2,610000
758,2,600000
797,1,615000
960,2,625000
658,1,600000
848,2,650000
1476,3,1285000
1824,5,1795000
843,2,825000
3180,6,2350000
2577,3,2350000
1498,2,2500000
946,3,675000
7996,6,4650000
6356,6,1695000
976,2,1050000
932,2,1200000
663,2,625000
1378,4,649950
600,2,450000
3070,5,3450000
908,2,995000
1536,3,795000
2336,5,1775000
2371,5,1295000
1201,3,975000
3185,5,1100000
730,1,549950
277,0,295000
1779,3,2600000
1441,4,700000
1917,1,3950000
1666,3,1500000
1629,4,1350000
1069,2,900000
2500,5,2750000
990,2,699500
770,2,799950
2730,5,2895000
940,3,799950
2949,6,2250000
2495,5,1125000
1262,3,2020000
1308,4,975000
2790,6,1595000
978,3,850000
682,2,570000
2411,4,2400000
496,1,475000
734,2,800000
3006,5,950000
1934,4,1200000
4370,6,3250000
2153,3,2375000
595,2,650000
876,4,1295000
905,2,1000000
1675,4,1885000
797,2,635000
4420,6,3495000
1378,3,1200000
1751,4,1200000
2330,5,1600000
1214,3,799000
876,2,850000
872,2,500000
1323,3,2500000
2547,4,3950000
1393,3,2995000
888,1,995000
1857,4,2250000
855,2,749950
538,1,420000
422,1,424995
2074,4,2150000
1645,3,1500000
2115,4,1575000
2242,5,1500000
600,1,550000
381,1,475000
791,2,595000
2937,6,2250000
907,3,755000
1218,3,900000
1560,2,1990000
1464,3,1195000
696,2,450000
339,1,325000
1541,4,1150000
1456,2,850000
1004,2,879000
1875,5,1295000
695,2,575000
1496,2,4100000
1919,3,1800000
804,2,649950
1143,2,899950
1848,3,1999950
3510,5,1995000
1170,2,1595000
690,2,499000
2852,4,3410000
2823,5,6750000
1724,3,2850000
1474,3,1895000
1756,4,1650000
1806,4,1225000
2145,5,1100000
950,2,1095000
3498,5,2395000
904,2,550000
2583,5,1500000
911,2,750000
1822,5,1150000
647,2,665000
1036,2,1250000
2564,5,1895000
632,2,600000
946,2,700000
3020,6,2450000
853,2,1750000
1033,3,895000
884,1,1000000
2124,4,2300000
444,1,375000
3177,5,2150000
1474,3,785000
591,1,725000
5130,7,2850000
11716,6,5950000
1140,2,985000
795,2,585000
1993,5,995000
666,2,550000
2230,3,7300000
885,2,1250000
2396,4,3750000
514,1,430000
891,2,830000
635,1,1100000
1410,3,3100000
706,1,925000
3319,6,2650000
569,2,450000
720,2,650000
956,2,799950
1209,2,1250000
5614,6,2995000
3661,4,2250000
7087,7,2995000
1629,3,1100000
3770,6,3350000
810,1,775000
1080,3,800000
1735,4,1850000
1108,3,1500000
2147,5,1695000
686,1,750000
1492,3,1985000
1125,2,1100000
674,2,650000
2145,3,4500000
2552,4,4750000
1706,5,995000
2172,3,2150000
964,2,695000
573,2,575000
966,2,1950000
2365,4,2000000
816,2,1100000
2500,5,1550000
569,1,649999
1868,5,1500000
960,3,725000
739,2,785000
491,1,400000
2141,4,1395000
1519,4,799950
2169,3,975000
2157,4,4750000
947,2,899950
931,2,925000
1776,5,1800000
3144,6,2950000
825,2,795000
798,2,795000
452,1,499999
2523,4,1450000
558,1,780000
461,1,398000
680,2,570000
1007,2,625000
1259,3,1150000
703,2,655000
482,1,375000
2221,4,2395000
614,2,670000
1792,5,1450000
2203,3,1750000
1673,3,2250000
1424,3,1295000
2435,4,1750000
707,2,700000
2137,5,2100000
1414,4,775000
2379,5,1575000
1091,3,650000
2755,3,8750000
705,2,775000
1200,3,975000
878,2,699999
2344,5,2250000
2540,5,1750000
1737,5,1380000
3069,5,1595000
4666,7,5500000
3717,5,3050000
3594,5,2350000
1018,2,1600000
1840,3,6950000
2026,3,5250000
913,2,3375000
1138,3,1700000
2231,4,4650000
1074,2,2100000
3247,4,7950000
506,1,390000
1684,4,1650000
1997,4,2000000
1633,4,1225000
2055,4,1585000
4774,7,4250000
2815,4,3950000
5196,6,6500000
1295,3,985000
1275,3,1500000
543,1,465000
1357,3,950000
786,2,699950
1134,2,725000
473,1,465000
451,1,500000
2524,3,5750000
1650,2,5450000
1169,3,775000
676,2,550000
4023,7,1500000
820,2,775000
907,2,699950
2052,4,1550000
3247,7,1850000
458,1,249999
3448,4,3300000
1402,2,1600000
890,2,1790000
2817,6,4950000
987,2,2250000
1027,2,2650000
2000,4,1000000
2244,4,1250000
820,2,990000
1259,3,1650000
618,1,765000
1095,2,1100000
540,1,474950
1879,3,2450000
668,1,650000
603,1,499950
539,1,449950
2986,5,1349950
1890,4,1350000
961,2,375000
968,3,625000
4312,5,2250000
3861,5,2350000
1437,3,900000
734,2,395000
1539,2,1000000
1517,3,825000
2340,5,1600000
1085,2,1250000
1112,3,1100000
1517,4,1200000
5108,5,4000000
1952,3,1250000
477,1,430000
556,2,635000
960,2,1000000
783,2,420000
816,2,699950
552,1,585000
1148,3,800000
880,3,375000
2131,4,1450000
2518,5,2000000
814,2,995000
917,2,3250000
4063,6,4495000
2912,4,1350000
570,2,875000
633,2,750000
2693,4,7500000
3002,4,5950000
1925,3,3750000
2238,3,7600000
739,2,565000
1341,3,1435000
1321,2,1295000
822,2,485000
944,2,520000
2281,4,2350000
1805,4,1350000
691,1,545000
691,2,640000
577,1,545000
2120,3,1850000
1399,3,1460000
2266,5,2200000
1782,4,1325000
1862,3,3550000
1271,3,1195000
2620,5,1995000
1712,4,1585000
3924,6,2695000
3067,6,2990000
2422,5,1875000
623,2,650000
513,1,559000
1441,2,3450000
1520,2,2000000
1750,4,1650000
592,1,425000
1040,3,700000
1163,3,2200000
1224,3,1750000
765,2,1450000
2216,4,3500000
1032,2,925000
1623,4,1850000
2039,3,2295000
730,1,925000
3060,5,2000000
1767,4,1350000
1335,3,1418000
1685,4,1300000
2710,4,5350000
2425,5,2400000
853,3,825000
634,2,635000
944,2,935000
883,2,699950
1500,4,765000
2502,5,1250000
784,2,725000
628,1,1350000
1746,5,1200000
810,2,970000
560,1,650000
599,1,750000
566,1,500000
1226,2,825000
1386,3,975000
425,0,350000
1270,4,925000
703,2,1000000
1122,2,1495000
2667,5,2350000
924,2,675000
1025,4,765000
1320,4,799950
3451,5,2950000
792,2,999950
1710,4,1200000
1395,4,1250000
1889,4,1495000
2150,4,1950000
590,1,785000
1641,3,2250000
3578,2,6450000
1059,2,749950
2565,4,1675000
1360,4,950000
2458,2,1975000
1986,5,3550000
539,1,350000
2540,5,2375000
2466,5,2325000
1961,3,4600000
1174,4,700000
2312,4,1350000
824,2,1325000
981,2,1850000
3782,8,5250000
1549,4,1000000
2344,5,1275000
1072,2,2000000
1760,4,1200000
1668,4,1175000
2177,4,1300000
4213,7,3500000
1035,2,800000
1615,4,1200000
3230,5,3295000
548,2,425000
1091,3,1215000
1341,3,1850000
2652,5,2275000
601,2,400000
1143,3,800000
940,2,700000
1522,4,750000
561,1,500000
1726,3,3975000
2537,5,1999995
1554,4,1099000
627,2,539950
1677,4,1050000
901,2,850000
699,2,599950
987,2,695000
922,3,950000
2073,4,1999995
520,1,365000
1218,3,1200000
4389,6,2950000
550,1,380000
3435,5,1875000
4459,7,5100000
771,2,490000
2612,6,2750000
460,1,450000
1224,3,825000
2205,4,1695000
548,1,425000
896,2,1250000
2239,4,3750000
1263,2,785000
891,2,675000
518,1,465000
1023,2,1350000
2458,5,2500000
915,2,675000
1112,3,945000
861,2,725000
469,1,325000
742,2,800000
476,1,595000
740,2,425000
1380,3,1250000
1959,5,2100000
869,2,875000
1238,3,1095000
1680,4,1495000
1221,3,895000
1087,3,650000
1548,3,3500000
1559,2,4750000
690,2,550000
1299,3,525000
2174,4,4035000
933,2,1150000
1327,2,2350000
2810,3,2100000
2590,4,1000000
1010,2,780000
3260,6,1595000
2456,3,1000000
953,2,850000
967,1,625000
1457,4,1300000
2349,5,2950000
1184,3,995000
1705,3,1150000
814,2,700000
619,2,575000
1749,4,1675000
1607,2,4500000
992,1,820000
2400,3,2950000
774,2,635000
3256,5,1995000
1868,3,1895000
2566,5,1495000
3364,5,2250000
2032,6,1250000
1026,3,825000
767,2,875000
2108,5,2175000
2332,5,2250000
1100,2,975000
2144,4,1735000
1335,3,1375000
1811,4,1295000
693,2,875000
1873,5,1950000
1243,2,995000
3825,5,3450000
1366,2,1295000
4222,6,2500000
1672,3,2150000
548,2,800000
883,2,1750000
1901,4,1250000
847,2,1178000
652,1,1285000
3443,5,7950000
1806,4,2150000
2132,5,1895000
1355,2,1200000
804,1,725000
1069,2,1100000
2258,4,1000000
870,1,600000
537,1,695000
1921,4,1450000
902,2,699950
1674,4,1295000
1500,3,2600000
570,2,600000
900,3,895000
1112,2,1160000
622,2,500000
797,2,625000
377,1,450000
2999,7,2750000
1115,3,899950
649,1,1250000
1055,2,1650000
1575,2,3450000
1657,3,2975000
1266,3,2500000
1064,2,2150000
1053,2,1995000
1045,2,1700000
1722,3,2600000
905,2,1675000
776,1,1495000
1398,2,2895000
675,1,1450000
691,1,795000
1522,2,1895000
1480,3,1850000
1804,4,3500000
410,0,450000
1850,3,2895000
1317,3,1250000
2713,6,4250000
1162,2,1300000
793,2,1175000
1894,3,4450000
923,2,1550000
914,2,1300000
2602,4,1550000
2410,5,1325000
1899,4,1450000
1503,4,1175000
823,2,795000
3104,6,4750000
890,2,799950
743,2,650000
1167,3,850000
779,1,560000
960,3,910000
621,1,399950
592,1,465000
2352,5,1535000
1344,5,725000
1702,4,1295000
947,2,825000
879,2,1195000
1061,2,1250000
1225,2,1350000
2289,5,1225000
1032,2,585000
542,1,550000
677,2,985000
482,1,530000
2968,3,4200000
1340,3,1375000
707,2,575000
2740,4,2950000
1795,3,1950000
3156,5,3250000
1980,4,1250000
1634,3,975000
1716,4,1100000
1989,3,900000
517,1,300000
577,1,510000
302,1,350000
981,2,875000
2642,3,1095000
3256,5,3350000
1723,4,1350000
817,2,950000
2711,5,1275000
1013,2,975000
2530,6,3950000
650,2,475000
840,2,575000
930,3,599950
881,2,585000
2223,4,1750000
4034,6,2950000
1258,4,950000
683,1,910000
2372,5,1849950
758,2,700000
1419,3,1275000
549,1,425000
3178,4,1395000
2432,4,3000000
3352,6,2975000
990,2,775000
4482,7,4950000
2088,4,1850000
560,1,649000
386,1,499950
806,3,399950
527,1,500000
1705,3,1085000
1679,4,1595000
1336,3,850000
2084,5,1500000
4050,6,2800000
1236,2,1799995
2685,5,2700000
1301,4,1150000
2406,5,2475000
766,2,799950
1181,2,2950000
4420,6,2500000
1397,3,950000
683,1,595000
1892,5,1495000
693,2,625000
829,2,935000
710,2,599995
2048,4,1650000
666,1,525000
992,2,800000
1716,5,995000
3184,4,1750000
634,2,775000
2287,5,1595000
1438,3,1500000
1550,2,3750000
2989,4,3250000
1039,2,895000
1076,3,799999
890,2,650000
1918,3,1395000
547,1,550000
1008,3,500000
1378,3,1550000
3330,3,4950000
1752,2,2850000
2557,3,2250000
807,2,595000
6309,5,3300000
1758,4,1225000
2264,2,1350000
773,2,545000
1668,4,1195000
869,2,822500
1030,3,1345000
1145,2,1400000
1232,2,1750000
3660,6,2895000
1844,4,2350000
1142,3,1075000
1637,4,1350000
1348,2,2250000
787,2,699950
1761,3,1425000
527,1,435000
3300,5,2950000
904,2,645000
1681,3,995000
5453,6,5500000
2413,5,2500000
1585,4,1200000
1891,5,1750000
924,3,725000
780,2,850000
2600,5,2249000
598,1,475000
558,1,525000
400,1,370000
2132,2,2500000
1301,3,700000
2046,4,1595000
764,2,715000
978,2,985000
1518,3,4850000
3683,5,1695000
1728,4,1095000
2659,5,1325000
1255,1,699950
420,1,350000
3556,6,2000000
2442,5,1095000
3467,6,3250000
939,2,899950
1236,2,2166000
577,1,480000
869,2,825000
2768,4,2950000
784,2,585000
2041,3,2975000
1125,3,680000
982,2,899000
1153,4,675000
890,2,475000
2568,5,1265000
11077,6,3500000
2401,4,3500000
528,1,599995
736,2,550000
1595,4,1325000
2850,6,2400000
3525,6,2500000
1302,2,1150000
1023,2,550000
753,2,690000
949,2,1175000
2222,5,2000000
810,2,1045000
848,2,699950
1223,3,900000
1061,3,875000
1938,4,1695000
960,2,845000
1213,4,850000
2401,3,2000000
1509,1,3250000
1239,3,1750000
1880,4,1250000
562,1,550000
1309,3,1050000
945,1,1095000
2737,4,1195000
985,3,1100000
2427,4,3000000
2416,5,2150000
2129,5,1800000
1248,3,1295000
2137,5,1125000
1556,4,1025000
2346,5,1675000
3251,7,2750000
670,1,500000
2638,5,2520000
1023,2,865000
875,2,700000
1295,3,1350000
1215,2,3450000
1066,3,775000
1697,4,1195000
1200,3,725000
606,2,700000
796,2,695000
827,2,1299000
2817,3,5950000
786,2,595000
2296,4,2100000
1894,4,1475000
3336,7,2950000
570,2,450000
672,2,550000
1297,2,2250000
4925,6,2750000
734,1,599950
667,1,650000
900,2,850000
1027,3,825000
1678,5,1850000
1390,3,1750000
3100,5,3150000
1128,3,599950
3605,6,1995000
3304,6,1595000
752,2,1195000
2229,4,2650000
973,2,950000
817,2,1050000
678,2,695000
4453,6,3895000
502,1,425000
2484,4,1300000
670,2,439000
2742,6,4500000
689,1,599950
1327,4,1500000
513,1,625000
700,1,499999
565,1,435000
743,2,850000
3125,4,2695000
2389,5,2250000
2033,5,1700000
2160,4,3450000
3098,5,3250000
650,2,650000
981,2,1395000
705,2,475000
1810,3,1250000
1468,3,1150000
1213,4,625000
1092,2,575000
815,2,695000
2325,5,2100000
838,2,750000
1456,3,1399000
1774,3,4750000
1969,4,2275000
657,2,599950
2707,5,1995000
1109,3,899000
2050,5,1575000
655,1,850000
1683,4,1250000
3391,5,3750000
1423,5,995000
1163,3,850000
1898,4,2400000
830,3,599950
1334,5,875000
602,2,675000
953,2,735000
1082,2,925000
2547,5,1300000
12526,7,7500000
3997,6,7450000
3188,5,8250000
2212,4,2395000
675,1,500000
2241,5,2550000
721,2,600000
702,2,590000
674,2,550000
1716,5,1650000
1700,4,1250000
645,2,475000
603,1,425000
830,2,599000
1800,4,1325000
1862,3,1350000
1681,4,1225000
779,2,650000
3911,6,6950000
2607,4,4495000
969,3,599950
461,1,465000
650,2,749950
1155,2,1050000
684,2,650000
928,2,775000
2132,4,2100000
2096,4,1075000
676,1,625000
1405,3,1800000
1368,3,775000
2875,4,2050000
936,2,775000
1258,2,885000
2803,6,2400000
1388,3,825000
2946,4,2250000
1566,5,1125000
1306,4,1000000
670,2,350000
1041,2,600000
1831,5,3600000
2202,3,2050000
992,2,765000
1101,2,1675000
1002,2,1375000
993,2,1350000
3813,5,8850000
2285,4,3850000
2537,6,2500000
840,2,575000
4653,7,4650000
7043,6,4950000
753,2,555000
1902,4,3750000
1338,3,1050000
2200,4,1775000
773,2,550000
2953,7,2700000
580,2,399950
545,1,595000
2988,4,3200000
778,2,675000
864,2,765000
1428,4,800000
651,1,835000
1662,4,1200000
1160,2,2395000
1738,3,3250000
1451,3,2990000
388,1,499950
4225,5,1800000
2800,6,2300000
429,0,573000
704,2,835000
2354,5,2200000
680,1,700000
1711,3,2775000
1076,3,750000
1538,3,1195000
2173,5,1425000
420,1,380000
2915,5,899950
2149,5,2000000
5517,7,2995000
1875,5,1490000
2364,5,1750000
2347,4,2000000
818,2,710000
810,2,915000
2078,4,2000000
495,1,425000
656,2,499950
1186,3,1050000
1906,5,1150000
2100,4,1825000
1795,4,1325000
1950,4,1450000
1112,3,895000
1142,2,1499995
853,2,550000
500,1,550000
1261,3,1050000
2637,4,2750000
2061,5,1785000
332,0,450000
515,1,375000
1973,3,5500000
3008,5,2850000
2300,5,2450000
2071,4,1600000
790,2,450000
1688,4,2000000
1828,3,1595000
780,2,600000
767,2,545000
1310,4,995000
1355,4,1050000
990,3,1385000
1106,2,650000
3111,3,10950000
525,1,375000
1168,3,899000
1055,3,995000
2368,5,1695000
815,2,495000
665,2,775000
2348,4,950000
4387,4,1750000
1582,3,1150000
4102,5,4400000
2362,5,2300000
983,3,775000
676,1,625000
1496,4,1300000
540,1,525000
802,2,849999
581,1,525000
1648,4,1650000
936,2,635000
1884,4,1550000
1190,3,1000000
2497,3,5500000
646,1,450000
1202,4,600000
779,2,1325000
11177,6,6950000
1023,2,950000
538,1,430000
1121,2,700000
1580,4,1150000
989,3,795000
911,2,1150000
2000,5,1450000
2328,5,1550000
1127,3,730000
1010,2,860000
960,2,1250000
1940,5,1295000
1452,3,595000
1875,4,1600000
2694,3,3995000
2011,4,3000000
2907,5,2500000
4689,4,6350000
2545,4,1350000
1263,3,1175000
2360,4,2100000
1181,3,745000
468,1,560000
3831,5,2450000
4569,5,2295000
2443,5,2395000
1600,2,1250000
1254,3,850000
1522,3,2975000
6863,5,7500000
1011,3,1285000
2472,5,795000
1297,3,835000
1270,2,925000
3578,5,1595000
4227,9,5500000
3709,7,3500000
4095,5,3500000
833,2,730000
1889,4,995000
1720,4,1195000
2427,5,1395000
1643,3,3850000
1298,4,1200000
1206,2,1050000
794,2,500000
1034,2,575000
741,2,575000
759,3,449950
2311,2,2650000
492,1,500000
1248,4,1050000
640,2,629000
690,2,499950
2099,4,1690000
2644,4,1650000
5982,5,1995000
297,0,385000
963,2,1450000
1189,2,1750000
680,0,450000
1023,2,575000
665,2,730000
558,1,575000
2079,5,4950000
786,3,485000
678,1,350000
564,2,500000
1981,3,1450000
2188,4,1995000
1962,5,1250000
2266,5,1750000
2485,6,1675000
1958,4,1700000
842,2,799950
3285,5,7450000
836,2,900000
2565,5,2100000
836,2,995000
926,2,599995
439,1,435000
793,2,565000
1568,4,1450000
7886,6,3495000
1446,2,2995000
1163,2,2495000
2599,5,3050000
1669,4,1450000
2136,5,1450000
2270,4,1650000
808,2,500000
2132,4,2100000
1693,4,2000000
1003,2,899000
1561,3,995000
1351,2,1399000
1253,3,1250000
1018,2,800000
4056,6,2750000
877,2,650000
695,2,490000
858,2,765000
756,2,699950
2607,5,2650000
922,3,899950
3797,6,2695000
2503,5,1895000
1236,2,1100000
1736,3,6250000
729,2,535000
849,2,550000
875,2,835000
2603,5,2485000
1438,2,1895000
1889,4,3300000
721,2,572900
538,1,432500
930,2,620000
832,2,580000
840,2,590000
724,2,599950
1163,3,1225000
1389,3,850000
2441,5,1375000
2766,6,1850000
904,2,630000
776,2,650000
858,2,512500
506,1,599950
531,1,650000
939,1,950000
1705,4,1695000
1098,3,785000
2028,5,1450000
2336,5,1795000
1677,4,2900000
1719,4,2000000
3235,6,1695000
983,2,575000
2861,5,4950000
942,2,635000
1688,4,2100000
12546,7,6000000
2150,5,1195000
1134,2,1750000
637,2,475000
1823,5,1195000
1449,5,1100000
2563,5,2050000
2337,5,1225000
620,1,425000
800,2,385000
771,1,395000
771,2,525000
2339,5,2750000
2358,6,1395000
1156,3,1995000
2227,4,3950000
1462,3,1850000
2561,5,1600000
1008,2,2524000
798,2,780000
2899,4,2225000
581,1,550000
2245,3,4650000
2894,5,3150000
1179,3,935000
613,2,625000
1334,2,699950
2832,3,9950000
2213,5,2750000
1077,3,1995000
4012,5,2500000
840,2,999950
399,1,550000
3318,5,2600000
2087,5,2150000
2001,5,1800000
2390,5,1395000
1370,3,1100000
693,2,700000
1743,4,1200000
2591,5,2125000
2934,5,2850000
1309,3,750000
3711,4,8950000
900,3,535000
1013,3,575000
1063,2,1425000
1727,2,2650000
870,2,775000
1980,5,1425000
1727,4,1125000
1407,4,895000
884,2,650000
1873,4,1295000
1527,3,2100000
2006,5,1750000
807,2,700000
1669,3,2250000
1171,3,750000
883,2,599950
976,2,650000
1968,5,1285000
692,2,600000
812,2,995000
533,1,450000
1150,2,3950000
784,2,575000
1406,4,1400000
398,1,399950
970,2,675000
901,2,900000
645,1,699950
1155,3,835000
815,2,750000
1171,3,939999
761,2,655000
1041,2,995000
757,2,675000
1626,4,1300000
1322,3,1095000
2562,4,1050000
946,2,625000
666,2,795000
2468,6,1445000
1916,2,5950000
813,2,830000
758,3,495000
935,3,699950
1636,4,1350000
764,2,400000
559,2,865000
1345,4,1100000
2176,4,1250000
1847,3,4416000
831,2,699950
1575,3,1995000
694,2,625000
5300,7,2395000
642,2,570000
595,2,450000
1042,3,695000
1791,4,1375000
2302,4,1550000
1929,5,2150000
1660,3,1750000
2610,5,4950000
1685,5,1100000
1172,3,995000
650,2,475000
696,1,495000
2605,4,1795000
2001,5,1795000
1519,3,1350000
584,1,475000
2338,4,2850000
947,2,700000
1834,5,930000
1986,5,1575000
650,2,900000
421,1,750000
1281,2,2600000
1765,2,1950000
852,2,1200000
625,2,840000
848,3,1050000
2625,5,1065000
862,2,1000000
706,2,1100000
794,2,800000
972,2,875000
1055,2,900000
1210,2,875000
3796,6,1795000
1583,3,935000
5164,5,2695000
2654,5,2250000
2063,5,1950000
474,1,475000
2235,5,2500000
2014,5,1695000
540,1,550000
1451,3,2550000
983,1,695000
1323,3,725000
2609,5,1600000
986,3,675000
1809,2,1100000
566,1,450000
840,2,635000
2035,5,1500000
3244,6,4650000
734,2,695000
1115,2,865000
1300,3,1195000
731,2,450000
639,1,475000
1021,2,700000
1454,2,1850000
918,3,699950
942,3,700000
942,2,699950
914,3,750000
586,2,675000
818,2,765000
789,2,625000
1197,2,595000
803,3,675000
1466,4,1095000
1012,3,1150000
1018,2,860000
1615,3,2500000
3583,6,3395000
1615,3,899950
1077,2,1200000
947,3,595000
402,1,375000
1732,3,1180000
2626,5,1800000
4180,5,2750000
680,2,575000
2265,5,1550000
1636,4,1695000
514,1,600000
3705,6,2700000
816,2,699950
1450,3,1225000
849,3,950000
483,1,799999
2512,5,1725000
1899,2,550000
635,1,925000
2056,4,1625000
840,2,825000
1170,3,900000
790,2,550000
1186,3,1500000
627,1,750000
1187,2,1695000
432,1,599950
2222,4,2399500
929,3,950000
918,2,875000
1642,4,2250000
3292,5,4395000
466,1,439950
1669,4,1795000
734,2,699950
969,3,815000
1427,4,1375000
3457,6,1630000
1953,5,1195000
3110,4,1595000
2739,5,1850000
1328,3,725000
1255,2,895000
1160,3,775000
1700,3,2250000
1393,2,2650000
732,2,480000
2827,6,1975000
638,2,625000
2286,4,1850000
2201,5,1600000
553,1,399995
1628,4,1350000
919,2,760000
1983,4,1600000
373,1,500000
2200,5,2350000
1476,3,1325000
1707,4,1350000
906,2,850000
2024,4,1500000
923,2,1090000
1067,2,1425000
1518,4,925000
1435,3,1080000
942,2,1100000
1523,4,1000000
1717,2,2500000
509,1,650000
815,3,500000
360,1,499999
558,2,800000
580,1,1140000
1969,3,2150000
1415,2,2000000
2366,4,1475000
429,1,695000
1447,3,1895000
563,1,500000
750,2,585000
1750,4,1525000
1311,3,1500000
4125,6,2950000
3165,5,2950000
1143,3,765000
1949,4,1050000
1326,3,850000
796,2,999500
714,2,525000
701,2,550000
1605,4,1350000
753,2,825000
791,2,699995
1271,4,590000
2042,5,1650000
776,1,625000
789,2,750000
610,2,539000
602,2,699950
1580,4,1500000
3058,6,2500000
886,2,1495000
1058,2,1100000
6049,5,3000000
2938,6,2695000
800,2,725000
1303,3,1700000
3564,4,3350000
1855,3,999995
3070,5,3650000
1471,2,1295000
847,2,1395000
1091,2,2850000
531,1,470000
551,1,830000
1872,4,1250000
836,2,895000
6713,8,8000000
1443,3,825000
925,3,625000
1033,3,2500000
1948,3,4000000
2573,3,3950000
722,2,675000
969,2,925000
1963,4,1550000
927,2,999950
969,2,715000
1869,4,1650000
2314,5,2650000
1249,3,850000
477,1,475000
1190,2,950000
1658,4,1250000
2960,5,2500000
2817,6,1950000
2128,3,2950000
1150,2,1395000
1476,3,1300000
947,3,1025000
997,2,650000
2593,4,2000000
1298,4,950000
572,1,500000
1125,3,1200000
842,1,625000
1873,5,1350000
1250,3,1899950
1556,4,2100000
2139,3,3900000
5623,5,39750000
2415,3,14250000
1986,3,1300000
693,2,730000
463,1,409950
983,3,735000
499,1,495000
898,1,875000
913,2,1250000
870,2,700000
1455,2,8250000
878,2,835000
920,3,800000
2006,5,1950000
904,3,725000
802,2,900000
532,1,800000
2679,5,2550000
2921,4,1400000
676,1,675000
875,2,725000
2780,3,3950000
8590,7,4750000
2736,5,2250000
9623,7,4300000
3753,7,2550000
4292,6,5500000
465,1,435000
666,1,499950
2098,4,1800000
506,1,435000
747,2,995000
1315,3,1550000
2600,4,3600000
709,2,750000
581,2,680000
1428,5,1395000
745,2,575000
3595,5,2675000
2288,3,2200000
1447,2,2300000
1162,4,520000
1140,4,875000
579,1,740000
699,2,525000
4454,5,9500000
897,2,1250000
1236,3,795000
683,2,935000
678,2,535000
2055,4,1995000
2996,5,1800000
1030,3,750000
905,2,1430000
1197,2,1500000
2408,5,1890000
1364,3,1990000
1109,2,825000
779,4,525000
4558,5,1900000
635,2,725000
1436,2,900000
4642,6,3995000
1420,3,1100000
1448,4,975000
1495,4,1225000
601,2,325000
2259,5,1175000
551,1,500000
3388,5,6600000
1239,3,850000
4629,6,3950000
1677,2,1750000
2797,6,1950000
1550,3,2100000
1318,2,1685000
759,1,550000
633,1,690000
594,1,685000
733,2,765000
412,1,435000
420,1,435000
775,2,825000
1206,3,1150000
830,1,710000
1168,2,1695000
508,1,500000
907,3,850000
1350,2,970000
1642,4,1650000
663,2,475000
1050,2,1050000
1770,4,1750000
477,1,750000
1162,2,650000
607,1,580000
1100,2,1680000
802,1,1250000
1387,4,700000
1283,2,799999
1175,3,825000
953,2,1050000
720,2,575000
617,2,725000
1827,4,1000000
472,1,525000
1019,3,1600000
2326,5,1550000
1176,3,750000
987,2,950000
2223,4,4250000
730,2,710000
2007,4,1100000
2914,4,1600000
2840,2,12950000
1053,3,749950
1344,5,899950
1410,3,699950
569,1,399995
814,1,525000
2967,5,2500000
698,2,950000
2553,5,1750000
1510,4,1225000
678,2,700000
1081,3,2170000
3410,3,3250000
709,2,630000
1565,3,1600000
626,2,475000
992,3,1025000
481,1,500000
358,1,550000
4862,6,4350000
997,2,575000
3009,5,2650000
1173,1,775000
1909,4,1345000
2978,5,2250000
752,1,500000
1192,2,1600000
578,1,515000
693,1,495000
1541,4,1485000
2034,4,3650000
896,3,825000
1596,4,630000
1021,3,675000
5880,5,17950000
976,3,699950
854,3,600000
1363,4,900000
2149,4,1195000
594,1,395000
862,2,795000
1768,3,1350000
2147,3,3600000
1111,3,1599950
1176,2,1850000
1211,3,875000
1830,5,1350000
760,2,625000
4273,6,5500000
1643,5,1595000
2979,4,4750000
638,1,675000
822,2,900000
5288,6,6450000
1195,2,1600000
1358,2,3750000
730,2,465000
842,2,850000
3179,6,3250000
1200,2,1500000
717,2,450000
2123,3,2375000
3065,4,1550000
2264,5,1780000
729,2,775000
1700,4,1450000
563,1,425000
1171,2,2250000
1946,4,4250000
2009,4,2000000
1260,4,800000
1275,3,900000
3774,5,6950000
832,2,779000
1146,2,945000
2055,4,1295000
821,2,599999
630,2,550000
680,2,700000
1512,3,1850000
2394,5,1299995
5116,6,2850000
2942,6,2650000
541,1,795000
1485,3,995000
5380,6,2850000
1043,3,750000
1207,3,900000
922,3,875000
1201,3,775000
653,1,565000
1342,3,2000000
772,2,1000000
1477,3,3075000
1877,4,1250000
601,1,895000
1273,2,900000
1226,3,699950
1382,3,850000
872,2,725000
433,1,345000
1896,4,950000
1378,3,1700000
958,3,1550000
1428,3,1350000
726,2,999950
2640,5,3300000
2491,3,1200000
1504,3,899950
545,1,485000
1043,2,630000
987,2,720000
2666,4,2350000
703,2,800000
1909,4,1800000
2942,5,1650000
472,1,367500
1081,2,945000
5101,6,2500000
1845,4,995000
560,1,685000
1582,4,1100000
606,1,865000
696,2,725000
1310,4,1200000
2126,4,1700000
574,1,425000
1839,5,995000
596,2,525000
2948,4,6350000
2803,5,2275000
722,2,825000
1481,2,1750000
1632,3,1100000
626,2,530000
1149,2,1795000
805,2,725000
996,2,775000
1242,3,850000
1272,3,825000
1510,4,845000
826,2,850000
977,2,875000
1354,3,1000000
751,2,1050000
765,2,575000
1013,2,995000
3285,4,1650000
1440,2,1545000
1333,2,869995
1647,4,1295000
3893,5,4250000
1467,3,1800000
1194,3,799950
3769,5,1999500
863,2,775000
1084,3,885000
821,2,495000
2690,5,1550000
455,1,600000
4124,6,1925000
3622,6,3425000
2278,5,1500000
708,2,800000
1020,2,1050000
628,2,675000
1077,2,875000
2061,5,1900000
708,2,450000
778,2,750000
1000,3,685000
2435,3,4000000
1771,3,1335000
1265,3,2250000
1612,3,1625000
723,2,850000
536,1,550000
1259,3,1400000
1335,4,1200000
6313,6,5995000
767,2,495000
2479,4,2750000
2110,4,1675000
1316,3,1595000
1171,3,1395000
2435,4,3295000
857,1,800000
1669,3,3300000
729,2,625000
2232,5,1000000
1735,3,2250000
585,1,550000
2813,5,3250000
3175,6,2990000
566,1,475000
885,2,750000
858,3,675000
1016,2,950000
495,1,450000
5587,7,1500000
1547,3,2250000
3823,6,2295000
1087,3,2675000
4135,5,3650000
943,2,1250000
1031,2,650000
861,2,850000
1514,2,1000000
687,2,825000
1091,2,1050000
3116,6,2375000
3235,6,2950000
1219,2,1595000
2243,5,3750000
599,1,550000
1048,2,590000
591,1,1298000
2908,5,7100000
572,1,450000
1842,3,1795000
450,1,375000
929,2,660000
4168,4,7950000
858,2,775000
875,2,995000
1520,3,1350000
887,3,535000
344,1,385000
723,2,1195000
1260,3,1195000
979,2,1575000
2381,4,3700000
474,1,550000
2402,3,4250000
1668,4,1300000
491,1,625000
667,2,445000
743,2,670000
1837,4,1385000
2305,5,1650000
768,2,625000
800,2,995000
594,1,465000
1299,2,1300000
3165,5,2000000
1138,2,1075000
4980,6,5000000
2431,4,1750000
1679,3,1850000
1054,2,900000
3943,5,4795000
568,1,600000
956,2,665000
2335,3,1650000
2249,5,999950
2030,6,2250000
1773,4,1245000
510,1,435000
2315,5,2000000
623,2,700000
801,2,730000
1239,2,525000
1991,3,7250000
4503,7,2895000
1275,3,2850000
710,2,599950
3092,5,5250000
869,2,600000
3071,5,2350000
1195,2,899950
662,1,670000
776,2,1175000
1953,4,1550000
2116,5,1995000
809,2,1950000
940,3,725000
2293,4,2250000
708,2,400000
1141,2,875000
1186,3,1500000
2598,5,2150000
1133,3,895000
2243,4,2175000
2012,5,1750000
3493,4,8500000
1888,3,2500000
760,2,925000
481,1,550000
1048,2,879950
2526,5,2300000
664,2,650000
813,2,600000
941,1,775000
2248,4,7250000
1160,3,950000
2434,5,1650000
909,2,1000000
1281,2,975000
1097,2,675000
2176,3,3495000
507,1,350000
1573,3,880000
763,1,1250000
1022,2,800000
747,2,735000
1495,4,1995000
2355,5,1350000
1255,4,995000
2680,6,2000000
1019,2,750000
1849,2,1450000
1203,3,1300000
833,2,800000
1822,4,1100000
4704,4,2795000
2226,4,2000000
411,1,360000
970,2,950000
1819,3,825000
840,2,2950000
1572,3,1200000
6333,4,15000000
1255,2,950000
939,2,1495000
2738,5,2750000
694,2,615000
817,2,580000
695,2,475000
1152,3,525000
500,1,325000
1039,2,995000
1275,2,995000
1775,3,1295000
1758,4,1150000
1432,4,1100000
661,2,560000
471,1,475000
1052,2,1100000
2258,3,7250000
1842,4,1695000
464,1,499999
292,1,398000
776,2,845000
1677,3,2100000
1359,3,1395000
1013,2,900000
1623,3,1850000
2774,4,4500000
2698,5,1650000
1483,4,925000
868,2,1495000
1489,4,1245000
1087,3,950000
4415,6,3300000
814,2,800000
1023,2,725000
2853,5,3000000
2299,5,2350000
1174,2,1860000
601,2,850000
929,2,650000
780,3,775000
3785,5,2575000
693,2,625000
1175,3,885000
647,2,595000
657,2,595000
592,2,539950
1420,2,750000
1203,3,1750000
701,2,575000
1272,4,1300000
864,3,650000
1471,3,2750000
1540,3,2275000
887,2,1295000
863,2,675000
5242,8,1695000
764,2,760000
820,2,850000
1356,3,850000
5272,5,3750000
693,2,285000
885,2,470000
1799,4,1575000
667,2,625000
2199,4,1900000
3334,6,2895000
748,2,725000
580,1,750000
1324,3,1100000
2168,3,2350000
1959,3,2150000
2346,5,1300000
1082,2,795000
1888,3,1350000
721,2,510000
469,2,550000
619,2,635000
669,1,670000
774,1,675000
1173,2,1000000
1616,2,3650000
1884,5,2000000
1255,3,1075000
905,2,799950
4661,6,3695000
3026,5,1750000
524,2,500000
926,2,855000
693,2,675000
1324,4,1295000
1920,5,1450000
1558,3,1675000
458,1,450000
818,2,600000
565,1,525000
791,2,850000
663,2,1095000
1374,3,2575000
1089,2,1750000
11610,6,5950000
1010,2,1950000
757,1,1395000
2282,3,3200000
476,1,775000
1433,3,2300000
483,1,300000
1787,4,1795000
1888,4,1550000
985,2,875000
2858,5,2350000
1730,3,1950000
1102,3,1400000
3558,7,2750000
770,2,500000
2382,5,1150000
1606,4,900000
669,2,500000
1961,4,1150000
635,1,870000
689,2,1160000
1023,3,1350000
1575,2,1075000
848,2,695000
1350,3,1225000
2668,5,2300000
848,2,550000
640,2,450000
569,1,399995
1399,2,650000
963,2,950000
747,2,885000
1688,5,1595000
705,2,675000
4576,5,11200000
3491,6,2500000
672,1,775000
1081,3,995000
640,1,570000
935,2,950000
569,2,550000
1101,2,1200000
1961,3,1900000
721,2,600000
3753,6,5750000
549,1,450000
2142,4,2950000
2064,4,1795000
5810,5,2750000
1756,4,875000
1030,3,850000
930,2,850000
1384,4,2195000
1310,2,899995
560,2,700000
2128,4,2125000
1033,3,975000
1467,3,2000000
677,1,450000
502,1,375000
562,1,650000
2177,4,2200000
2194,6,1200000
1835,4,1395000
590,1,375000
956,1,1200000
2580,5,2495000
2194,4,950000
662,1,650000
1159,2,1250000
847,2,775000
774,3,695000
526,1,375000
930,2,830000
4777,5,2350000
2544,4,1000000
526,1,635000
2369,4,1575000
976,3,1275000
919,2,699995
1313,4,1100000
2922,3,4500000
1295,3,2750000
947,3,950000
789,2,715000
2047,3,3100000
2842,3,5450000
1075,2,1977000
1372,3,2379000
1594,3,2899000
3546,5,4750000
800,3,450000
1450,4,1245000
1262,3,1195000
946,2,1325000
853,2,775000
667,1,465000
2535,5,1495000
495,1,650000
926,3,775000
1053,2,2400000
1903,4,1695000
1980,4,1275000
2475,4,2500000
1533,3,675000
1184,3,2500000
819,2,850000
2101,4,1795000
735,1,599999
613,1,575000
3900,6,2999000
781,2,865000
4904,5,2950000
1364,3,1500000
972,2,850000
554,1,420000
573,1,825000
1704,4,1599999
802,2,2150000
763,2,999995
773,2,1200000
844,2,525000
463,1,695000
785,2,750000
1103,2,550000
1133,3,1500000
822,2,850000
1407,2,1250000
641,1,1375000
517,1,845000
541,1,560000
549,1,410000
562,1,495000
882,2,795000
4438,6,3700000
759,1,699999
1388,3,1400000
2736,5,2000000
3162,5,1750000
2122,2,4900000
898,2,950000
3874,5,2250000
1234,2,1350000
962,2,900000
4094,5,2850000
477,1,499999
3740,6,2500000
1539,4,1500000
1184,2,1050000
2322,5,1450000
594,1,490000
741,1,1095000
648,2,625000
3252,6,2600000
2024,4,3350000
4767,7,3995000
2082,3,2500000
883,2,720000
883,2,715000
883,2,710000
678,2,450000
2115,4,2350000
3337,5,2195000
1771,5,915000
955,2,950000
1152,3,1200000
3225,5,1895000
2331,4,1295000
3908,4,4950000
2290,5,2100000
1384,3,1275000
4386,5,5250000
1013,3,1250000
913,2,925000
1682,2,3100000
10807,7,3950000
3143,6,1775000
2230,5,1750000
7935,6,4500000
1654,4,1295000
2446,4,1775000
2482,3,5700000
1415,3,2950000
1642,3,925000
570,1,650000
1674,4,1250000
1805,4,1300000
274,1,299950
4185,6,6500000
424,1,365000
720,2,475000
1151,3,1999950
738,2,750000
2006,3,2595000
1545,3,3750000
848,2,530000
954,3,1350000
688,2,575000
986,2,900000
829,2,1495000
626,1,495000
446,1,300000
1019,3,795000
1606,3,1250000
1383,3,1875000
898,2,700000
2650,5,4600000
1049,2,1630000
1357,3,925000
1816,2,1150000
5509,5,3995000
1946,3,1300000
2342,5,1425000
2885,6,3300000
848,2,890000
523,1,425000
512,1,350000
1866,2,5500000
469,1,399000
1001,2,1345000
1154,2,1200000
2363,5,1595000
1714,5,1000000
2767,3,2850000
1055,3,825000
2825,5,1600000
600,2,715000
565,2,850000
902,2,625000
1079,3,1895000
3701,3,8950000
4002,5,4750000
2492,4,2195000
11733,9,16999999
1056,2,1150000
1332,3,1250000
631,2,1050000
1641,3,1650000
1962,4,1600000
5156,6,5000000
1743,3,899950
4141,5,2650000
1100,2,850000
1867,4,1350000
2140,4,1825000
3801,7,2350000
1039,3,800000
1152,3,1100000
1160,3,799950
792,2,500000
625,2,575000
1712,4,1375000
1845,5,1675000
964,2,700000
2151,5,1400000
1846,3,3295000
660,2,489000
831,2,1395000
834,1,1200000
784,2,695000
822,2,500000
880,2,950000
1215,2,1525000
510,1,649950
1409,3,3495000
1010,2,850000
2750,4,4250000
3763,5,2125000
624,2,775000
386,1,450000
458,2,650000
1776,3,3850000
2651,4,5500000
832,2,1300000
1253,3,900000
1107,3,1500000
1295,3,1075000
928,2,1150000
3953,4,2950000
2768,4,2795000
1100,3,1150000
1813,4,1200000
1543,3,2850000
2090,4,1900000
517,1,550000
1777,4,1550000
3467,5,2195000
902,1,1000000
3682,5,2500000
1305,3,895000
797,2,650000
1504,2,4150000
1883,3,1950000
2389,4,1195000
1821,4,2750000
529,2,550000
1860,4,1500000
2090,4,1950000
1830,4,2150000
2682,5,2800000
816,2,750000
6388,8,7000000
553,1,395000
661,2,685000
986,2,795000
1029,3,699950
570,2,600000
616,2,625000
832,3,775000
880,2,1175000
1449,4,1200000
1901,4,3000000
1772,4,1895000
787,2,975000
2402,5,2650000
793,3,575000
1657,3,3750000
893,2,730000
1268,3,1095000
2087,4,4400000
1625,4,1850000
908,2,1100000
826,2,430000
971,2,1495000
504,1,375000
473,1,425000
767,2,675000
3203,5,3250000
680,2,599950
2336,5,1795000
2322,4,1495000
1380,2,1000000
1155,2,940000
305,1,399950
415,1,365000
892,2,750000
2247,5,1850000
3918,6,1825000
892,2,1000000
675,2,1275000
1945,3,2250000
1285,3,775000
4847,6,3750000
880,2,750000
680,2,500000
1282,2,1600000
836,2,700000
767,2,780000
1782,4,2750000
603,1,660000
1602,5,1195000
1993,5,1699000
937,2,800000
1450,3,1250000
945,3,800000
2351,5,2250000
1203,2,1250000
3478,7,1875000
2804,5,1250000
2605,6,2750000
896,2,550000
703,2,745000
654,2,525000
882,2,1150000
2861,5,2500000
2156,4,799999
612,1,1050000
1455,2,2900000
7226,5,11950000
5554,6,3750000
1344,2,850000
2910,7,1975000
2959,5,2800000
732,2,1400000
1242,2,725000
1335,2,2000000
838,2,850000
440,1,255000
919,2,795000
843,1,1500000
1993,3,5950000
1813,3,3250000
893,2,550000
418,1,500000
3601,6,2950000
1675,4,1135000
1469,4,775000
2761,6,1799500
1018,2,650000
2835,4,2350000
666,2,795000
1963,4,1900000
1907,5,1950000
1580,3,950000
1332,2,1850000
2011,2,4950000
3873,6,2685000
3480,3,3995000
2583,3,6975000
1269,2,2250000
3100,5,2595000
767,2,650000
783,3,685000
4699,5,19450000
2809,4,1650000
1026,3,600000
518,1,515000
743,2,699950
1072,4,750000
657,2,599950
2567,5,2695000
2000,3,3600000
1075,3,1050000
583,2,525000
810,2,575000
536,1,500000
753,2,795000
574,2,550000
960,2,1235000
1452,3,2595000
5303,5,2350000
1467,3,900000
1730,3,1275000
1665,3,2700000
798,3,650000
425,1,475000
647,1,450000
728,2,550000
1398,3,1150000
702,2,595000
2290,3,7500000
5613,5,4850000
4923,6,3195000
925,2,795000
3080,5,3100000
2454,4,2295000
2872,5,2800000
2147,3,1450000
3336,6,2950000
537,2,625000
1502,3,1000000
800,2,575000
1885,4,1095000
590,2,425000
486,1,349995
1335,3,1100000
2366,4,1800000
958,2,1050000
1763,4,1600000
3908,6,4500000
1838,4,1095000
1083,2,1200000
1753,3,2495000
1750,4,1275000
798,2,1500000
630,2,600000
908,2,1100000
971,3,575000
893,2,925000
2433,4,1495000
2500,3,4750000
2189,3,2000000
1040,2,799950
1347,3,1300000
2043,4,1100000
890,1,1200000
5139,4,9250000
3238,5,1499000
977,3,475000
944,2,925000
961,2,1450000
3443,5,1995000
1623,3,2195000
797,2,550000
2054,5,1950000
1360,3,1375000
1090,2,799999
847,2,440000
1956,3,3500000
895,2,475000
1312,3,825000
2956,5,3500000
1239,3,950000
1474,3,2750000
928,2,625000
1487,2,1295000
2995,5,2950000
834,2,899995
1907,4,1300000
1020,2,1495000
922,2,795000
2106,4,1450000
860,2,795000
993,2,765000
2309,5,2150000
616,1,825000
4277,4,9500000
1703,4,1575000
2514,4,1575000
1900,4,1350000
1003,2,2050000
802,2,1999950
943,2,875000
1445,3,1275000
2833,5,2850000
3775,7,3500000
2618,5,1875000
2139,5,2100000
2315,4,3750000
1289,2,2450000
554,1,498000
795,2,590000
756,2,900000
850,1,1195000
1268,2,2195000
3029,6,2400000
975,3,850000
6632,7,4250000
1070,3,1025000
411,1,520000
2158,3,1950000
2956,3,8950000
686,2,799950
1364,3,1295000
1149,2,775000
547,1,410000
541,1,625000
571,1,650000
735,2,595000
1191,2,2650000
2882,6,2500000
1661,4,950000
797,1,820000
2056,3,1225000
1118,2,1795000
1666,3,1000000
2899,4,2295000
2248,4,5000000
3414,6,2895000
728,2,1000000
825,2,625000
4088,6,3000000
4438,5,3950000
3295,6,2999000
925,2,965000
2127,4,2000000
2332,4,5000000
3802,5,3450000
555,1,895000
7879,6,5000000
1256,4,1095000
2753,4,5650000
3900,5,2820000
2835,5,2250000
1667,4,1450000
997,2,700000
1836,2,1850000
3325,7,3000000
2232,5,1525000
1117,2,1350000
636,1,625000
1576,4,1650000
500,1,450000
1372,4,1625000
1528,4,1000000
848,2,850000
3609,6,2495000
2469,4,2250000
2803,5,3950000
2396,5,1750000
678,1,1195000
1077,2,650000
3027,5,3000000
960,2,550000
659,1,1000000
4876,6,9950000
4785,5,11950000
2123,5,1500000
665,2,599999
1021,2,995000
565,1,525000
1190,3,2395000
1367,3,2100000
1044,2,800000
1113,3,885000
2881,5,2395000
1502,3,1680000
2178,4,2000000
1752,3,1175000
2720,6,2350000
4591,6,4200000
1227,2,1550000
2314,4,2500000
871,2,695000
1368,3,775000
4622,6,4950000
1402,4,1795000
2665,5,2550000
711,2,565000
1950,3,2500000
920,2,885000
362,1,399950
1013,2,895000
654,2,550000
2270,4,1450000
861,2,1160000
1227,2,2500000
699,1,1575000
3613,7,2500000
682,1,1150000
1727,4,1450000
1304,2,2650000
1601,4,1175000
630,2,360000
920,2,670000
898,2,799500
1828,4,1250000
422,1,350000
1579,4,895000
2122,5,1500000
1978,4,4250000
1262,3,1225000
1447,4,1150000
7800,6,14850000
2422,5,2250000
376,1,405000
5310,5,2750000
2160,4,1695000
770,2,850000
924,2,1295000
1765,3,2750000
1539,3,2750000
638,1,1500000
495,1,599950
1461,3,1100000
2890,5,4750000
3053,5,2500000
1281,2,1250000
1887,2,1650000
3215,5,6250000
2807,4,5295000
1481,3,3500000
7156,6,14500000
2631,2,4250000
1087,3,699950
718,1,1100000
2885,6,3100000
990,2,700000
1078,2,1600000
899,2,625000
1975,5,1895000
454,1,485000
2887,6,2150000
1358,2,1200000
895,2,565000
736,3,600000
1978,3,1850000
1766,4,1275000
1913,4,2100000
2377,5,3450000
546,1,1050000
4295,5,6950000
764,2,999950
1115,2,995000
1346,3,1150000
1715,2,2200000
1490,2,1800000
681,2,680000
1033,3,925000
1441,3,1800000
923,2,1000000
3354,5,1765000
744,2,835000
2599,5,1900000
2114,2,1900000
615,2,540000
1025,3,899950
6776,8,5950000
767,2,460000
626,2,730000
1618,3,1495000
833,3,525000
839,2,1195000
828,2,775000
2634,5,3200000
4185,6,2495000
1037,3,699950
955,2,500000
970,2,699999
462,1,500000
1774,4,1150000
1083,3,2170000
924,2,1395000
2062,4,2300000
863,2,899995
902,2,900000
2944,3,6395000
750,2,1350000
4004,4,5000000
2713,6,2300000
2625,5,6100000
968,2,950000
1895,4,2325000
14358,7,17950000
1039,3,1195000
1874,5,2250000
674,2,595000
801,3,700000
736,2,675000
907,2,800000
1156,2,1100000
685,2,995000
2423,4,3500000
4188,7,3950000
3719,5,6750000
4039,5,9000000
1221,3,700000
945,4,500000
870,2,950000
1310,2,1100000
496,1,470000
3433,6,2980000
969,3,1250000
1017,2,850000
1167,3,1325000
1584,3,6950000
1386,4,650000
2441,4,3400000
1189,2,1650000
2080,4,2750000
1119,2,2200000
4095,7,3875000
2494,3,4350000
542,1,475000
738,2,450000
1067,2,1450000
1539,2,2250000
8081,7,4750000
3001,5,3500000
1551,3,865000
4555,5,8250000
3792,5,7500000
2648,4,7925000
4144,6,5250000
795,2,595000
2454,6,2650000
2220,4,5950000
2509,4,5600000
3889,4,2250000
1454,4,1100000
1024,3,1195000
1194,3,975000
1219,3,600000
1627,2,4950000
1762,4,995000
521,1,725000
1184,2,2750000
1203,3,1375000
1268,2,1850000
934,2,1825000
1650,5,807995
2403,4,1325000
596,1,750000
531,1,575000
983,2,1425000
672,2,550000
1337,3,2200000
1450,4,2000000
794,3,640000
3247,5,3500000
1234,3,765000
3871,5,7500000
782,2,875000
8151,5,4350000
1018,3,475000
1452,2,1320000
558,2,550000
1845,3,5395000
573,1,300000
1535,4,1600000
800,2,890000
978,3,862000
636,1,775000
1500,3,1600000
1376,2,1950000
484,1,680000
2896,4,7600000
1386,3,1800000
1452,3,1490000
1088,2,1500000
1056,1,1100000
959,2,1030000
1007,2,1350000
693,2,880000
1278,2,875000
792,2,544999
835,1,799000
2456,4,5250000
2453,4,2150000
2421,4,2000000
2701,4,1000000
995,2,3850000
1193,2,875000
1025,3,700000
2282,4,2000000
3185,4,7250000
2476,4,3250000
724,1,1075000
2163,4,2850000
1139,3,1650000
788,2,1700000
1552,4,1350000
2277,4,2395000
3059,5,5750000
648,2,895000
2316,5,2500000
1384,5,850000
2390,4,3650000
3502,6,2800000
632,1,595000
4831,5,3499000
3134,6,2350000
1607,4,925000
911,2,950000
3394,6,4000000
1030,3,525000
924,2,575000
1965,4,1495000
546,2,500000
2041,4,1199950
2607,5,3000000
666,1,925000
3541,4,18950000
1929,4,3250000
1574,3,1200000
1500,4,1250000
1252,3,1250000
1773,3,4350000
440,1,450000
1055,2,2950000
1758,4,1000000
571,1,400000
569,1,1200000
4348,6,2500000
519,1,950000
1210,3,1300000
1066,2,800000
3788,4,2650000
4543,5,2995000
4300,5,2350000
1589,4,799000
3343,4,4650000
551,1,695000
5011,6,2350000
2247,3,1999000
1073,2,995000
1147,3,1200000
1581,3,2999000
2486,5,2995000
420,1,525000
799,2,600000
8880,7,6995000
1156,3,1000000
648,1,875000
2029,4,3950000
8603,6,18500000
563,1,485000
7526,6,12750000
1690,4,1000000
1636,3,1000000
1560,3,950000
1139,4,650000
1372,2,1295000
5424,6,3650000
691,1,550000
1610,3,1000000
4683,6,9500000
1535,3,1750000
1698,4,1650000
1796,3,1700000
655,1,685000
993,2,800000
8042,6,4995000
3468,5,2650000
2720,5,3500000
469,1,320000
3041,3,8500000
1087,3,2700000
1450,3,3095000
1589,3,3750000
572,1,800000
2940,4,4250000
736,1,700000
4828,7,2650000
4206,4,4750000
2433,3,3750000
4378,8,2800000
1024,2,1100000
3646,7,2695000
942,2,1850000
538,1,325000
3574,6,2750000
1662,3,3500000
5675,7,4075000
1968,3,6950000
2597,4,2500000
600,1,830000
911,2,1425000
4506,4,14500000
901,1,699950
1458,4,1125000
522,1,900000
1186,2,915000
6796,7,19000000
844,2,525000
781,2,1100000
5138,3,8850000
1835,2,2985000
3110,4,5695000
1007,2,725000
15405,7,23950000
834,2,1300000
1016,2,1550000
6359,7,15495000
1218,2,1425000
3150,3,6175000
524,1,800000
1241,3,950000
3048,5,3100000
2303,3,3200000
1690,4,1300000
1771,3,1700000
1814,4,1400000
922,2,1195000
1176,2,1125000
2097,3,4950000
1055,2,2300000
5184,5,9950000
1077,3,1950000
1954,2,3450000
3917,5,3995000
1115,3,1495000
1683,4,1350000
1065,3,975000
1851,3,4000000
1465,2,1450000
3808,5,3750000
5907,5,14500000
1244,2,1950000
1884,3,2950000
3108,8,5250000
4452,7,4950000
6247,5,2500000
619,1,525000
474,1,435000
1070,3,1800000
985,1,1000000
818,1,1475000
538,1,1100000
1007,2,1450000
711,2,1395000
1010,3,1050000
758,1,1050000
1924,3,3950000
1122,1,765000
1008,2,850000
7798,6,34000000
1388,3,1800000
632,2,485000
1292,2,2250000
765,1,489950
910,3,840000
579,1,750000
1358,3,1025000
2136,3,2750000
1494,4,1500000
954,2,1000000
1878,3,1950000
1023,2,925000
675,2,450000
950,2,775000
1738,4,2500000
5727,6,8950000
1058,2,1275000
681,1,800000
1453,2,1750000
1140,3,1200000
591,1,790000
779,2,639950
1141,3,1119900
546,1,559950
1971,3,2725000
4693,5,12950000
860,2,725000
593,1,600000
1680,3,2500000
3174,4,3500000
2924,6,1725000
3600,5,2850000
2459,4,6250000
816,2,1250000
2544,4,8900000
517,1,349950
1683,3,2250000
1432,4,800000
1515,3,2250000
3173,5,950000
823,2,675000
9053,9,14750000
1367,3,1300000
2078,3,2095000
1154,4,1350000
1528,3,1600000
880,2,1400000
3486,3,16000000
1032,3,1150000
960,2,1230000
872,2,995000
2347,2,11950000
2262,3,2450000
583,1,599995
940,3,1395000
1397,3,815000
1050,4,875000
1280,2,1075000
577,1,530000
820,2,710000
732,3,1200000
668,2,775000
2165,2,6500000
2665,3,8500000
2476,3,13750000
1700,4,3650000
1293,2,2900000
12435,5,25000000
1236,2,4100000
1023,2,695000
3368,4,10000000
3402,3,13500000
1705,3,2300000
3974,8,9500000
619,1,800000
3932,4,9000000
1352,3,1800000
2770,2,5950000
1056,3,1385000
1702,3,2500000
2806,4,7400000
8356,5,25000000
2688,4,4950000
1349,2,1150000
1766,3,2565000
869,2,1044000
603,1,772000
1026,3,1466000
772,2,1123000
636,1,778000
1154,2,950000
4728,6,10950000
837,2,1250000
2956,3,8950000
915,3,1150000
2881,4,4950000
5417,5,21000000
2782,2,9950000
2480,4,2500000
3467,4,4900000
1682,2,9950000
2200,5,1995000
1327,2,950000
2328,3,2450000
2207,2,2350000
3047,6,2495000
1409,2,5500000
1692,4,1200000
3988,3,6950000
3176,5,2150000
3817,4,11300000
2496,3,9300000
3660,4,4300000
10764,6,6250000
3286,4,1750000
1080,2,1850000
3940,5,8250000
2750,5,5700000
1581,3,4950000
1553,2,1750000
3698,5,19950000
1984,3,3500000
1410,3,3350000
1749,3,5275000
4435,6,5995000
1506,3,6300000
5395,6,8650000
